,Số TT,Mã MH,Tên MH (Tiếng Việt),Tên MH (Tiếng Anh),Còn mở lớp,Đơn vị quản lý chuyên môn,Loại MH,Mã cũ,Mã môn học tương đương,Mã môn học tiên quyết,Mã môn học trước,Số TCLT,Số TCTH
1,1.0,ACCT3603,Hệ thống thông tin kế toán,Accounting Information systems,,HTTT,CN,,,,,3.0,0.0
2,2.0,ACCT5123,Hoạch định nguồn lực doanh nghiệp,Enterprise Resource Planning,,HTTT,CSN,,,,,3.0,0.0
3,3.0,ADENG1,Tiếng Anh tăng cường 1,Intensive English 1,,HTTT,ĐC,ENG11,ENG04,,,0.0,0.0
4,4.0,ADENG2,Tiếng Anh tăng cường 2,Intensive English 2,,HTTT,ĐC,ENG12,,,,0.0,0.0
5,5.0,ADENG3,Tiếng Anh tăng cường 3,Intensive English 3,,HTTT,ĐC,,ENG05,ADENG2,,0.0,0.0
6,6.0,ADENG4,Tiếng Anh tăng cường 4,Intensive English 4,,HTTT,ĐC,,ENG03,ADENG3,,0.0,0.0
7,7.0,AI001,Giới thiệu ngành Trí tuệ nhân tạo,Introduction to AI programs,,KHMT,ĐC,,"CS005
IE005
IS005
SE005
CE005
NT005
NT015
EC005
DS005",,,1.0,0.0
8,8.0,BOQC1,Nhập môn máy tính lượng tử,Basic of Quantum Computer,,BMTL,BT,,,,,0.0,0.0
9,9.0,BUS1125,Khởi nghiệp kinh doanh,Entrepreneurship,,PĐTĐH,CN,,,,,2.0,1.0
10,10.0,CARC1,Kiến trúc máy tính,Computer Architecture,,KTMT,ĐC,,IT006,,,3.0,0.0
11,11.0,CE005,Giới thiệu ngành Kỹ Thuật Máy tính,Introduction to Computer Engineering,,KTMT,ĐC,,"CS005
IE005
IS005
SE005
NT005
NT015
EC005
DS005
AI001",,,1.0,0.0
12,12.0,CE101,Lý thuyết mạch điện,Theory of electrical circuits,,KTMT,CSN,,CE121,,,4.0,0.0
13,13.0,CE102,Hệ thống số,Digital systems,,KTMT,CN,,PH002,,,3.0,1.0
14,14.0,CE103,Vi xử lý-vi điều khiển,Microprocessors and microcontrollers,,KTMT,CSN,,,,IT006,3.0,1.0
15,15.0,CE104,Các thiết bị và mạch điện tử,Electronic devices and circuits,,KTMT,CSN,,CE124,,"PH001
CE101",3.0,0.0
16,16.0,CE105,Xử lý tín hiệu số,Digital signal processing,,KTMT,CSN,CE205,CE205,,"MA001
MA002
MA003",3.0,1.0
17,17.0,CE106,Thiết kế vi mạch với HDL,Digital Circuit Design with HDL,,KTMT,CN,,CE221,,,3.0,1.0
18,18.0,CE107,Hệ thống nhúng,Embedded systems,,KTMT,CSN,,CE224,,"IT001
IT006
CE103",3.0,1.0
19,19.0,CE108,Hệ điều hành nâng cao,Advanced operating systems,,KTMT,CN,,,,,3.0,0.0
20,20.0,CE109,Lập trình nhúng căn bản,Introduction to embedded-system programming,,KTMT,CN,,CE211,,,2.0,1.0
21,21.0,CE110,Lập trình hệ thống với Java,System Programming with Java,,KTMT,CN,,CE315,,,3.0,1.0
22,22.0,CE111,Kiến trúc máy tính nâng cao,Advanced computer architecture,,KTMT,CĐTN,,,,IT006,2.0,1.0
23,23.0,CE112,Đồ án môn học thiết kế mạch,Circuit design project,,KTMT,ĐA,,CE201,,,0.0,2.0
24,24.0,CE113,Điều khiển tự động,Automatic Control,,KTMT,CN,,CE212,,,3.0,0.0
25,25.0,CE114,Lập trình trên thiết bị di động,Mobile device application development,,KTMT,CN,,NT118,,,2.0,1.0
26,26.0,CE115,Thiết kế mạng,Network design,,KTMT,CN,,NT113,,,3.0,1.0
27,27.0,CE116,Đồ án môn học ngành KTMT,Information engineering project,,KTMT,ĐA,,CE206,,,0.0,2.0
28,28.0,CE117,Thực hành điện- điện tử,Basic electrical and electronic laboratory,,KTMT,CSN,,CE124,,"PH001
CE101",0.0,1.0
29,29.0,CE118,Thiết kế luận lý số,Digital logic design,,KTMT,CSN,,,,PH002,3.0,1.0
30,30.0,CE119,Thực hành Kiến trúc máy tính,Computer architecture laboratory,,KTMT,CSN,,,,PH002,0.0,1.0
31,31.0,CE121,Lý thuyết mạch điện,Theory of electrical circuits,,KTMT,CSN,,CE101,,,3.0,1.0
32,32.0,CE124,Các thiết bị và mạch điện tử,Electronic devices and circuits,,KTMT,CSN,,CE104,,CE121,3.0,1.0
33,33.0,CE201,Đồ án 1,Project 1,,KTMT,ĐA,,,,"PH002
CE103
CE121
CE224",0.0,2.0
34,34.0,CE202,An toàn mạng máy tính,Network security,,KTMT,CN,,NT101,,,3.0,0.0
35,35.0,CE203,Điều khiển tự động nâng cao,Advanced automatic control,,KTMT,CĐTN,,CE317,,,3.0,0.0
36,36.0,CE204,Thiết kế và lập trình Web,Web design and programming,,KTMT,CN,CE305,,,,3.0,0.0
37,37.0,CE205,Xử lý tín hiệu số,Digital signal processing,,KTMT,CN,,,,,3.0,1.0
38,38.0,CE206,Đồ án 2,Project 2,,KTMT,ĐA,,CE116,,"PH002
CE103
CE201
CE121",0.0,2.0
39,39.0,CE211,Lập trình nhúng căn bản,Introduction to embedded-system programming,,KTMT,CN,,CE232,,CE107,3.0,1.0
40,40.0,CE212,Điều khiển tự động,Automatic control,,KTMT,CN,CE113,,,"MA003
MA006",3.0,1.0
41,41.0,CE213,Thiết kế hệ thống số với HDL,Digital System Design with HDL,,KTMT,CN,,,,"PH002
CE118",3.0,1.0
42,42.0,CE219,Tương tác người - máy,Human-computer interaction,,KTMT,CN,,CE405,,,3.0,0.0
43,43.0,CE221,Thiết kế vi mạch với HDL,Digital circuit design with HDL,,KTMT,CN,,CE213,,"PH002
CE118",3.0,1.0
44,44.0,CE222,Thiết kế vi mạch số,Digital IC design,,KTMT,CN,,CE302,,CE118,3.0,1.0
45,45.0,CE224,Thiết kế hệ thống nhúng,Embedded System Design,,KTMT,CN,,,,CE103,3.0,1.0
46,46.0,CE232,Thiết kế hệ thống nhúng không dây,Wireless Embedded Systems Design,,KTMT,CN,,,,CE224,3.0,1.0
47,47.0,CE233,Kỹ thuật Robot,Robot principle and Design,,KTMT,CN,,,,MA003,3.0,1.0
48,48.0,CE301,Hệ thống chứng thực số,Digital identification systems,,KTMT,CN,,,,,3.0,0.0
49,49.0,CE302,Thiết kế vi mạch,Circuits design,,KTMT,CN,,CE222,,,2.0,1.0
50,50.0,CE303,Robot công nghiệp,Industrial robotics,,KTMT,CN,,,,"MA001
MA002
CE101
CE212
CE107",3.0,0.0
51,51.0,CE3031,Công nghệ cảm biến,Sensor Technologies,,KTMT,CN,,,,"MA006
MA003
CE121",3.0,1.0
52,52.0,CE304,Robot công nghiệp,Industrial Robotics,,KTMT,CNTC,,,,"CE121
CE224
MA001
MA002",3.0,1.0
53,53.0,CE306,Thị giác máy tính,Computer vision,,KTMT,CN,,,,,3.0,0.0
54,54.0,CE312,Hệ thống thời gian thực,Real-time systems,,KTMT,CN,,,,"IT006
IT007
CE103
CE211",3.0,0.0
55,55.0,CE313,Xử lý song song và hệ thống phân tán,Parallel processing and distributed systems,,KTMT,CN,CE311,,,"IT001
IT006",3.0,0.0
56,56.0,CE314,Trình biên dịch,Principles of compiler design,,KTMT,CN,,,,"CE103
MA004",3.0,0.0
57,57.0,CE315,Lập trình hệ thống với Java,System programming with Java,,KTMT,CN,CE110,,,,2.0,1.0
58,58.0,CE316,Logic mờ và ứng dụng,Fuzzy logic and applications,,KTMT,CN,,CS405,,MA004,3.0,0.0
59,59.0,CE317,Điều khiển tự động nâng cao,Advanced automatic control,,KTMT,CN,CE203,,,"MA001
MA002
MA003
MA004
CE101
CE104
CE212",3.0,0.0
60,60.0,CE318,Trình biên dịch,Compiler,,KTMT,CNTC,,CE314,,"IT006
IT007",3.0,1.0
61,61.0,CE319,Logic mờ và ứng dụng,Fuzzy Logic and Its Applications,,KTMT,CNTC,,,,MA004,3.0,1.0
62,62.0,CE321,Kỹ thuật chế tạo vi mạch,Integrated circuit fabrication,,KTMT,CN,CE404,,,CE222,3.0,0.0
63,63.0,CE322,Thiết kế vi mạch hỗn hợp,Mixed-signal integrated circuit design,,KTMT,CN,,,,CE222,2.0,1.0
64,64.0,CE323,Kĩ thuật thiết kế mạch in,Printed circuit board design,,KTMT,CN,,,,"CE101
CE104
CE103",2.0,1.0
65,65.0,CE324,Thiết kế vi mạch tương tự,Analog integrated circuit design,,KTMT,CN,,,,"CE104
CE221",2.0,1.0
66,66.0,CE325,Thiết kế dựa trên vi xử lý,Microprocessor-based system design,,KTMT,CN,,CE335,,"IT001
IT006
IT003",2.0,1.0
67,67.0,CE326,Tự động hóa thiết kế vi mạch,Circuit-design automation,,KTMT,CN,,,,CE221,2.0,1.0
68,68.0,CE327,Tối ưu hóa dựa trên FPGA,FPGA-based optimization,,KTMT,CN,,CE337,,"CE118
IT006
CE221",3.0,0.0
69,69.0,CE331,Kỹ thuật chế tạo vi mạch,Integrated Circuit Fabrication,,KTMT,CNTC,,CE321,,CE222,3.0,1.0
70,70.0,CE332,Thiết kế vi mạch hỗn hợp,Mixed Signal Integrated Circuit Design,,KTMT,CNTC,,CE322,,CE222,3.0,1.0
71,71.0,CE333,Tiếng Anh chuyên ngành Kỹ thuật Máy tính,Technical English for Computer Engineering,,KTMT,CN,,,,"ENG03
IT007",4.0,0.0
72,72.0,CE334,Thiết kế vi mạch tương tự,Analog Integrated Circuit Design,,KTMT,CNTC,,CE324,,"CE124
CE213",3.0,1.0
73,73.0,CE335,Thiết kế dựa trên vi xử lý,Microprocessor-based Design,,KTMT,CNTC,,CE325,,"IT006
IT003
IT001",3.0,1.0
74,74.0,CE336,Tự động hóa thiết kế vi mạch,Electronic Design Automation,,KTMT,CNTC,,CE326,,"CE118
CE213",3.0,1.0
75,75.0,CE337,Tối ưu hóa dựa trên FPGA,FPGA-optimized Design,,KTMT,CNTC,,CE327,,"IT006
CE118
CE213",3.0,1.0
76,76.0,CE338,Hệ thống thời gian thực,Real-time Systems,,KTMT,CNTC,,,,"IT006
IT007",3.0,1.0
77,77.0,CE339,Công nghệ IoT và Ứng dụng,IoT Technology and Its Applications,,KTMT,CN,,,,"CE103
CE224",3.0,1.0
78,78.0,CE340,Trí tuệ nhân tạo cho hệ thống nhúng,Artificial Intelligence for Embedded System,,KTMT,CN,,,,,3.0,1.0
79,79.0,CE341,Lập trình nhúng trên các thiết bị di động,Embedded Programming on Mobility Devices,,KTMT,CN,,,,,3.0,1.0
80,80.0,CE342,Hệ thống thông minh,Smart System,,KTMT,CN,,,,CE224,3.0,1.0
81,81.0,CE343,Trí tuệ nhân tạo cho xe tự hành,Artificial Intelligence for Autonomous Vehicles,,KTMT,CN,,,,,3.0,1.0
82,82.0,CE344,Trí tuệ nhân tạo cho IoT,Artificial Intelligence for IoT,,KTMT,CN,,,,,3.0,1.0
83,83.0,CE345,Kiến trúc IoT: Giao thức mạng và bảo mật,IoT architecture: Network protocol and security,,KTMT,CN,,,,,3.0,1.0
84,84.0,CE346,Thiết kế Antenna tích hợp cho thiết bị IoT,Antenna Design for IoT,,KTMT,CN,,,,,3.0,1.0
85,85.0,CE347,Điều khiển thông minh cho robot,Robot intelligent control,,KTMT,CN,,,,MA003,3.0,1.0
86,86.0,CE401,Kỹ thuật hệ thống máy tính,Computer system engineering,,KTMT,CĐTN,,,,"IT006
IT007",3.0,0.0
87,87.0,CE402,Các hệ điều hành nhúng,Embedded operating systems,,KTMT,CĐTN,,,,"IT007
IT006
CE107",3.0,1.0
88,88.0,CE403,Thiết kế số,Digital design,,KTMT,CĐTN,,,,"PH002
IT006
CE221",3.0,1.0
89,89.0,CE404,Kỹ thuật chế tạo vi mạch,Integrated Circuit Fabrication,,KTMT,CĐTN,,CE321,,,3.0,0.0
90,90.0,CE405,Tương tác người máy,Human-computer interaction,,KTMT,CĐTN,CE219,,,,3.0,0.0
91,91.0,CE406,Tương tác người – Máy,Humans Computer Interaction,,KTMT,CNTC,,,,CE103,3.0,1.0
92,92.0,CE407,Đồ án chuyên ngành Hệ thống nhúng và Robot,Major Project on Embedded System and Robot Design,,KTMT,CĐTN,,,,IT006,0.0,2.0
93,93.0,CE408,Đồ án chuyên ngành Thiết kế vi mạch và phần cứng,Major Project on IC and Computer Hardware Design,,KTMT,CĐTN,,,,"CE201
CE206
CE213",0.0,2.0
94,94.0,CE409,Kỹ thuật thiết kế kiểm tra,ASIC Verification Methodology,,KTMT,CN,,,,"CE118
CE213",3.0,1.0
95,95.0,CE410,Kỹ thuật hệ thống máy tính,Computer System Engineering,,KTMT,CĐTN,,,,"CE118
CE224",3.0,1.0
96,96.0,CE411,Chuyên đề hệ thống nhúng và robot,Embedded systems and robotics,,KTMT,CĐTN,,,,CE107,3.0,1.0
97,97.0,CE412,Đồ án chuyên ngành Hệ thống nhúng và IoT,Major Project on Embedded System and IoT Design,,KTMT,CN,,,,CE224,0.0,2.0
98,98.0,CE413,Đồ án chuyên ngành Robotics và AI,Major Project on Robotcis and AI,,KTMT,CN,,,,"CE103
CE224",0.0,2.0
99,99.0,CE421,Chuyên đề thiết kế vi mạch và phần cứng,IC and hardware designs,,KTMT,CĐTN,,,,"CE118
CE221
CE222",3.0,1.0
100,100.0,CE430,Lập trình hệ thống,System programming,,KTMT,CNTC,,,,,3.0,1.0
101,101.0,CE432,Thiết kế vi mạch hướng ASIC,ASIC Design,,KTMT,CNTC,,,,"CE118
CE213",3.0,1.0
102,102.0,CE433,Thiết kế hệ thống SoC,System-on-Chip (SoC) Design,,KTMT,CNTC,,,,"CE118
IT006",3.0,1.0
103,103.0,CE434,Chuyên đề thiết kế hệ vi mạch 1,Seminar on IC Design 1,,KTMT,CNTC,,,,CE213,3.0,1.0
104,104.0,CE435,Chuyên đề thiết kế hệ vi mạch 2,Topics on IC and Hardware Design 2,,KTMT,CNTC,,,,CE213,3.0,1.0
105,105.0,CE436,Xử lý tín hiệu số và ứng dụng,Digital Signal Processing and Application,,KTMT,CNTC,,,,"MA003
MA006",3.0,1.0
106,106.0,CE437,Chuyên đề thiết kế hệ thống nhúng 1,Topics on Embedded systems and robot 1,,KTMT,CNTC,,,,CE103,3.0,1.0
107,107.0,CE438,Chuyên đề thiết kế hệ thống nhúng 2,Topics on Embedded systems and robot 2,,KTMT,CNTC,,,,CE103,3.0,1.0
108,108.0,CE439,Lập trình song song và hệ phân tán,Parallel Programming & Distributed Systems,,KTMT,CNTC,,,,"IT001
IT006",3.0,1.0
109,109.0,CE440,Hệ thống định vị với ứng dụng AI,Indoor-and-Outdoor Localization System with AI Applications,,KTMT,CN,,,,,3.0,1.0
110,110.0,CE441,Chuyên đề thiết kế Robotics và AI 1,,,KTMT,CN,,,,"CE103
CE224",3.0,1.0
111,111.0,CE442,Chuyên đề thiết kế Robotics và AI 2,,,KTMT,CN,,,,"CE103
CE224",3.0,1.0
112,112.0,CE501,Thực tập doanh nghiệp,Internship,,KTMT,TTTN,,,,,0.0,3.0
113,113.0,CE502,Thực tập doanh nghiệp,Internship,,KTMT,TTTN,,CE501,,,2.0,0.0
114,114.0,CE505,Khóa luận tốt nghiệp,Thesis,,KTMT,KLTN,,,,CE206,10.0,0.0
115,115.0,CE506,Luận văn chuyên sâu đặc thù,Thesis,,KTMT,CN,,,,,0.0,14.0
116,116.0,CM101,Quản lý giao tiếp,Communication management,,HTTT,ĐC,,,,,3.0,0.0
117,117.0,CNBU001,Mạng máy tính,Networking,,MMT&TT,CN,,,,,3.0,1.0
118,118.0,CNBU002,Bảo mật,Security,,MMT&TT,CN,,,,,3.0,1.0
119,119.0,CNBU003,Dự án nghiên cứu,Computing Research Project,,MMT&TT,CN,,,,,4.0,4.0
120,120.0,CNBU004,Thiết kế và phát triển website,Website Design and Development,,MMT&TT,CN,,,,,3.0,1.0
121,121.0,CNBU005,Internet of Things,Internet of Things,,MMT&TT,CN,,,,,3.0,1.0
122,122.0,CNBU006,An toàn mạng máy tính,Network Security,,MMT&TT,CN,,,,,3.0,1.0
123,123.0,CNBU007,Pháp chứng kỹ thuật số,Forensics,,MMT&TT,CN,,,,,3.0,1.0
124,124.0,CNBU008,Quản lý an toàn thông tin,Information Security Management,,MMT&TT,CN,,,,,3.0,1.0
125,125.0,CNBU009,Thực tập,Internship,,MMT&TT,TTTN,,,,,0.0,0.0
126,126.0,CNET1,Mạng máy tính,Computer networks,,MMT&TT,ĐC,,IT005,,,3.0,1.0
127,127.0,CS003,Máy học nâng cao,Advanced machine learning,,KHMT,CN,,CS315,,,3.0,0.0
128,128.0,CS004,Máy học trong xử lý ngôn ngữ tự nhiên,Machine learning in NLP,,KHMT,CN,,,,,3.0,0.0
129,129.0,CS005,Giới thiệu ngành Khoa học Máy tính,Introduction to Computer Science programs,,KHMT,ĐC,,"IE005
IS005
SE005
CE005
NT005
NT015
EC005
DS005
AI001",,,1.0,0.0
130,130.0,CS013,Máy học nâng cao,Advanced machine learning,,KHMT,CN,,CS315,,,3.0,1.0
131,131.0,CS014,Máy học trong xử lý ngôn ngữ tự nhiên,Machine learning in NLP,,KHMT,CN,,CS324,,,3.0,1.0
132,132.0,CS019,Chuyên đề ứng dụng Trí tuệ nhân tạo,Applied artificial intelligence,,KHMT,CN,,,,,4.0,0.0
133,133.0,CS101,Nguyên lý và phương pháp lập trình,Principles and Techniques of Programming,,KHMT,CN,,CS111,,,3.0,0.0
134,134.0,CS102,Phân tích & thiết kế thuật toán,Design and analysis of algorithms,,KHMT,CN,,CS112,,,3.0,0.0
135,135.0,CS103,Cơ sở lập trình,Introduction to programming,,KHMT,CN,,"CS111
CS511
SE330",,,4.0,0.0
136,136.0,CS104,Nhập môn công nghệ phần mềm,Software engineering,,KHMT,CN,,SE104,,,3.0,0.0
137,137.0,CS105,Đồ họa máy tính,Computer graphics,,KHMT,CSN,,CS113,,,3.0,1.0
138,138.0,CS106,Trí tuệ nhân tạo,Artificial intelligence,,KHMT,CSN,,,,IT003,3.0,1.0
139,139.0,CS107,Các hệ cơ sở tri thức,Knowledge-Based Systems,,KHMT,CN,,CS217,,,4.0,0.0
140,140.0,CS108,Lý thuyết thông tin,Information theory,,KHMT,CN,,NT104,,,3.0,0.0
141,141.0,CS109,Máy học,Machine learning,,KHMT,CN,,CS110,,,4.0,0.0
142,142.0,CS110,Nhập môn công nghệ tri thức & máy học,Introduction to knowledge engineering and machine learning,,KHMT,CSN,,CS114,,,3.0,1.0
143,143.0,CS111,Nguyên lý và phương pháp lập trình,Principles and techniques of programming,,KHMT,CSN,CS101,,,IT003,3.0,1.0
144,144.0,CS1113,Khoa học máy tính I,Computer science 1,,HTTT,ĐC,CSC11,,,,3.0,1.0
145,145.0,CS112,Phân tích và thiết kế thuật toán,Design and analysis of algorithms,,KHMT,CSN,,,,"IT001
IT003",3.0,1.0
146,146.0,CS113,Đồ họa máy tính và Xử lý ảnh,Computer Graphic and Digital Image Processing,,KHMT,CSN,,CS105,,"IT001
IT003",3.0,1.0
147,147.0,CS114,Máy học,Machine learning,,KHMT,CN,,DS102,,"IT001
MA003
MA004",3.0,1.0
148,148.0,CS115,Toán cho Khoa học máy tính,Mathematics for Computer Science,,KHMT,CN,,,,IT001,4.0,0.0
149,149.0,CS116,Lập trình Python cho Máy học,Machine Learning with Python,,KHMT,CN,,,,"IT001
IT002",3.0,1.0
150,150.0,CS117,Tư duy tính toán,Computational Thinking,,KHMT,CN,,,,,3.0,1.0
151,151.0,CS210,Xử lý ngôn ngữ tự nhiên nâng cao,Advanced natural language processing,,KHMT,CN,,,,,4.0,0.0
152,152.0,CS211,Trí tuệ nhân tạo nâng cao,Advanced artificial intelligence,,KHMT,CN,,,,CS106,3.0,1.0
153,153.0,CS212,Xử lý ngôn ngữ tự nhiên,Natural Language Processing,,KHMT,CN,,,,,3.0,1.0
154,154.0,CS213,Ngôn ngữ học máy tính,Computational linguistics,,,CN,,CS226,,,4.0,0.0
155,155.0,CS2133,Khoa học máy tính II,Computer science 2,,HTTT,ĐC,CSC12,,,CS1113,3.0,1.0
156,156.0,CS214,Biểu diễn tri thức và suy luận,Knowledge representation and reasoning,,KHMT,CN,,,,,3.0,1.0
157,157.0,CS217,Các hệ cơ sở tri thức,Knowledge-based systems,,KHMT,CN,CS107,,,CS106,3.0,1.0
158,158.0,CS221,Xử lý ngôn ngữ tự nhiên,Natural language processing,,KHMT,CN,,,,"IT001
MA003
MA004",3.0,1.0
159,159.0,CS222,Xử lý ngôn ngữ tự nhiên nâng cao,Advanced natural language processing,,KHMT,CN,,,,"IT001
MA003
MA004",3.0,1.0
160,160.0,CS223,Máy học nâng cao,Advanced machine learning,,KHMT,CN,,CS315,,,3.0,1.0
161,161.0,CS224,Máy học xử lý ngôn ngữ tự nhiên,Machine learning in NLP,,KHMT,CN,,CS324,,,3.0,1.0
162,162.0,CS225,Lập trình symbolic trong trí tuệ nhân tạo,Symbolic Programming in Artificial Intelligence,,KHMT,CN,,CS314,,,4.0,0.0
163,163.0,CS226,Ngôn ngữ học máy tính,Computational linguistics,,KHMT,CN,CS213,,,,4.0,0.0
164,164.0,CS227,Khai thác dữ liệu và ứng dụng,Data Mining and Applications,,KHMT,CN,,CS313,,,3.0,1.0
165,165.0,CS228,Máy học và ứng dụng,Machine learning and applications,,KHMT,CN,,,,,3.0,1.0
166,166.0,CS229,Ngữ nghĩa học tính toán,Computational Semantics,,KHMT,CN,,,,CS221,3.0,1.0
167,167.0,CS231,Nhập môn Thị giác máy tính,Introduction to Computer Vision,,KHMT,CN,,,,,3.0,1.0
168,168.0,CS232,Tính toán đa phương tiện,Introduction to Multimedia Computing,,KHMT,CN,,,,,3.0,1.0
169,169.0,CS233,Nhận dạng Thị giác,Visual Pattern Recognition,,KHMT,CN,,,,,3.0,1.0
170,170.0,CS2433,Lập trình C/C++,C/C++ programming,,HTTT,CSN,,MSIS2433,,,3.0,1.0
171,171.0,CS301,Chuyên đề nghiên cứu khoa học,Scientific Research Seminar,,KHMT,CN,,,,,4.0,0.0
172,172.0,CS302,Seminar,Seminar,,KHMT,CN,,,,,3.0,0.0
173,173.0,CS311,Kỹ thuật lập trình trí tuệ nhân tạo,Artificial intelligence programming techniques,,KHMT,CN,,,,IT003,3.0,1.0
174,174.0,CS312,Hệ thống đa tác tử,Multi-agent systems,,KHMT,CN,,,,CS110,3.0,1.0
175,175.0,CS313,Khai thác dữ liệu và ứng dụng,Data mining and applications,,KHMT,CN,,,,"IT001
IT003",3.0,1.0
176,176.0,CS314,Lập trình symbolic trong trí tuệ nhân tạo,Symbolic programming in artificial intelligence,,KHMT,CN,CS225,,,,3.0,1.0
177,177.0,CS315,Máy học nâng cao,Advanced machine learning,,KHMT,CN,CS013,CS223,,CS110,3.0,1.0
178,178.0,CS316,Các hệ giải bài toán thông minh,Intelligent problem-solving systems,,KHMT,CN,CS408,,,,3.0,1.0
179,179.0,CS321,Ngôn ngữ học ngữ liệu,Corpus linguistics,,KHMT,CN,,,,IT001,3.0,1.0
180,180.0,CS322,Biểu diễn tri thức và ứng dụng,Knowledge representation and applications,,KHMT,CN,,CS214,,CS212,4.0,0.0
181,181.0,CS323,Các hệ thống hỏi-đáp,Question-answering systems,,KHMT,CN,,,,CS221,3.0,1.0
182,182.0,CS324,Máy học trong xử lý ngôn ngữ tự nhiên,Machine learning in NLP,,KHMT,CN,CS004,CS224,,CS221,3.0,1.0
183,183.0,CS325,Dịch máy,Machine translation,,KHMT,CN,CS411,,,CS221,3.0,1.0
184,184.0,CS326,Các kĩ thuật trong xử lý ngôn ngữ tự nhiên,Advanced techniques in natural language processing,,KHMT,CN,CS407,,,CS221,3.0,1.0
185,185.0,CS331,Thị giác máy tính nâng cao,Advanced Computer Vision,,KHMT,CN,,,,,3.0,1.0
186,186.0,CS332,Máy học trong Thị giác Máy tính,Machine Learning in Computer Vision,,KHMT,CN,,,,,3.0,1.0
187,187.0,CS333,Đồ họa game,Computer Graphics in Game,,KHMT,CN,,,,,2.0,1.0
188,188.0,CS334,Lập trình tính toán hình thức,Programming for formal computing,,KHMT,CN,,,,,3.0,1.0
189,189.0,CS335,Tìm Kiếm Ảnh và Video,Image and Video Search,,KHMT,CNTC,,,,IT001,3.0,1.0
190,190.0,CS336,Truy vấn thông tin đa phương tiện,Multimedia Information Retrieval,,KHMT,CN,,,,,3.0,1.0
191,191.0,CS3363,Tổ chức ngôn ngữ lập trình,Organization of programming languages,,HTTT,ĐC,,MSIS207,,,3.0,1.0
192,192.0,CS337,Xử lý âm thanh và tiếng nói,Speech and Audio Signal Processing,,KHMT,CN,,,,IT003,3.0,1.0
193,193.0,CS3373,Lập trình hướng đối tượng nâng cao cho môi trường windows,Advanced object-oriented programming for Windows,,HTTT,CSN,,IEM5723,,,3.0,1.0
194,194.0,CS338,Nhận dạng,Pattern Recognition,,KHMT,CN,,,,,3.0,1.0
195,195.0,CS339,Xử lý văn bản Y khoa,Natural language processing with health focus,,KHMT,CNTC,,,,,3.0,1.0
196,196.0,CS3423,Cấu trúc tập tin,File structure,,HTTT,CSN,,CS4153,,,3.0,1.0
197,197.0,CS3443,Hệ thống máy tính,Computer Systems,,HTTT,CSN,,,,,3.0,0.0
198,198.0,CS351,Chuyên đề NCKH 1,Scientific Research 1,,KHMT,CN,,,,,4.0,0.0
199,199.0,CS3513,Phương pháp số cho máy tính kỹ thuật số,Numerical methods for digital computers,,HTTT,CNTC,,,,,3.0,0.0
200,200.0,CS352,Chuyên đề NCKH 2,Scientific Research 2,,KHMT,CN,,,,,4.0,0.0
201,201.0,CS3613,Cơ sở tính toán,Theoretical foundations of computing,,HTTT,CNCS,,STAT3013,,,3.0,1.0
202,202.0,CS3653,Toán rời rạc cho máy tính,Discrete Mathematics for computer,,HTTT,ĐC,,,,MATH2144,3.0,0.0
203,203.0,CS371,Seminar chuyên đề 1,Seminar 1,,KHMT,CN,,,,,2.0,0.0
204,204.0,CS372,Seminar chuyên đề 2,Seminar 2,,KHMT,CN,,,,,2.0,0.0
205,205.0,CS401,Công nghệ Java,Java technology,,KHMT,CĐTN,,,,,3.0,1.0
206,206.0,CS402,Phân tích thiết kế HTTT quản lý,Management-information system analysis and design,,KHMT,CN,,,,,3.0,0.0
207,207.0,CS403,Các dịch vụ web,Web services,,KHMT,CN,,,,,3.0,0.0
208,208.0,CS404,Công nghệ đa tác tử (Muli-Agent),Multi-agent technology,,KHMT,CĐTN,,CS312,,,4.0,0.0
209,209.0,CS405,Logic mờ và ứng dụng,Fuzzy logic and applications,,KHMT,CĐTN,,,,,3.0,1.0
210,210.0,CS406,Xử lý ảnh và ứng dụng,Image processing and applications,,KHMT,CĐTN,,,,,3.0,1.0
211,211.0,CS407,Các kỹ thuật trong xử lý NNTN,Advanced Techniques in Natural Language Processing,,KHMT,CĐTN,,CS326,,,4.0,0.0
212,212.0,CS408,Các hệ giải toán thông minh,Intelligent Problem-Solving Systems,,KHMT,CĐTN,,CS316,,,4.0,0.0
213,213.0,CS409,Hệ suy diễn mờ,Fuzzy inference systems,,KHMT,CĐTN,,,,,3.0,1.0
214,214.0,CS410,Mạng neural và thuật giải di truyền,Neural netwok and genetic algorithms,,KHMT,CĐTN,,,IT003,,3.0,1.0
215,215.0,CS411,Dịch máy,Machine Translation,,KHMT,CĐTN,,CS325,,,4.0,0.0
216,216.0,CS412,Web ngữ nghĩa,Sematic web,,KHMT,CĐTN,,,,CS221,3.0,1.0
217,217.0,CS414,Lý thuyết automat và ứng dụng,Automata theory and applications,,KHMT,CĐTN,,,,MA004,3.0,1.0
218,218.0,CS4143,Đồ họa máy tính,Computer graphics,,HTTT,CNTC,,,,,3.0,0.0
219,219.0,CS415,Mã hóa thông tin,Encoding information,,KHMT,CĐTN,,,,,3.0,1.0
220,220.0,CS4153,Phát triển ứng dụng trên di động,Mobile Applications Development,,HTTT,CN,,,,CS2133,3.0,0.0
221,221.0,CS417,Nhận dạng,Pattern recognition,,KHMT,CN,,,,,2.0,1.0
222,222.0,CS418,Trực quan máy tính,Visual computing,,KHMT,CĐTN,,,,,3.0,1.0
223,223.0,CS419,Truy xuất thông tin,Information retrieval,,KHMT,CĐTN,,,,"CS114
CS221",3.0,1.0
224,224.0,CS420,Các vấn đề chọn lọc trong Thị giác máy tính,Selected Topics in computer Vision,,KHMT,CĐTN,,,,CS231,3.0,1.0
225,225.0,CS421,Khai thác dữ liệu đa phương tiện,Khai thác dữ liệu đa phương tiện,,KHMT,CĐTN,,,,,3.0,1.0
226,226.0,CS4243,Thuật toán và tiến trình trong an toàn máy tính,Algorithms and processes in computer security,,HTTT,CSN,,,,CS4283,3.0,0.0
227,227.0,CS4273,Nhập môn Công nghệ phần mềm,Software engineering,,HTTT,CNCS,,,,,3.0,1.0
228,228.0,CS4283,Mạng máy tính,Computer network,,HTTT,ĐC,,,,,3.0,0.0
229,229.0,CS431,Các kĩ thuật học sâu và ứng dụng,Deep Learning and Applications,,KHMT,CĐTN,,,,"IT001
IT002",2.0,1.0
230,230.0,CS4323,Hệ điều hành,Design and Inplementation of Operating system,,HTTT,ĐC,,,,"CS2133
CS3653",3.0,0.0
231,231.0,CS4343,Cấu trúc dữ liệu và giải thuật,Data structure and algorithm Analysis,,HTTT,ĐC,,,,CS2133,3.0,1.0
232,232.0,CS4344,An ninh mạng,Cyber Security,,HTTT,CSN,,,,,3.0,0.0
233,233.0,CS4793,Trí tuệ nhân tạo,Artificial intelligence,,HTTT,CNCS,,MKTG5883,,,3.0,1.0
234,234.0,CS4883,Các vấn đề xã hội trong tính toán,Social issues in computing,,HTTT,CNTC,,,,,3.0,0.0
235,235.0,CS5000,Luận văn,Thesis,,HTTT,KLTN,,,,,10.0,0.0
236,236.0,CS501,Khóa luận tốt nghiệp,Thesis,,KHMT,KLTN,,,,,10.0,0.0
237,237.0,CS502,Các công nghệ web và ứng dụng,Web technology and applications,,KHMT,CN,,SE341,,,2.0,0.0
238,238.0,CS503,Môn tốt nghiệp KHMT 2,Computer science,,KHMT,CN,,,,IT003,3.0,0.0
239,239.0,CS5030,Thực tập tốt nghiệp,Internship,,HTTT,TTTN,,,,,3.0,0.0
240,240.0,CS504,Công nghệ .NET,.Net technology,,KHMT,CN,,SE310,,,3.0,1.0
241,241.0,CS505,Khoá luận tốt nghiệp,Thesis,,KHMT,KLTN,,,,,10.0,0.0
242,242.0,CS506,Chuyên đề J2EE,J2EE,,KHMT,CN,,SE325,,,3.0,1.0
243,243.0,CS507,Hệ điều hành Linux,Linux operating systems,,KHMT,CN,,NT103,,,3.0,1.0
244,244.0,CS508,Lập trình cơ sở dữ liệu,Database programming,,KHMT,CN,,IS203,,,3.0,1.0
245,245.0,CS510,Lý thuyết thông tin,Information theory,,KHMT,CN,,NT104,,,3.0,0.0
246,246.0,CS511,Ngôn ngữ lập trình C#,C# programming language,,KHMT,CNTC,CS512,,,"IT002
IT003
IT001",3.0,1.0
247,247.0,CS513,Ngôn ngữ lập trình Java,Java programming language,,KHMT,CN,,SE330,,,3.0,1.0
248,248.0,CS515,Phân tích thiết kế hệ thống thông tin,Information system analysis and design,,KHMT,CN,,,,,3.0,1.0
249,249.0,CS516,Phân tích thiết kế hướng đối tượng với UML,Object-oriented analysis and design with UML,,KHMT,CN,,,,,3.0,1.0
250,250.0,CS517,Quản lý dự án,Project management,,KHMT,CN,,IS208,,,3.0,0.0
251,251.0,CS518,Xây dựng phần mềm hướng đối tượng,Object-oriented software development,,KHMT,CN,,,,,3.0,1.0
252,252.0,CS519,Phương pháp luận nghiên cứu khoa học,Scientific research methodology,,KHMT,CNTC,SS005,,,,3.0,0.0
253,253.0,CS521,Toán rời rạc nâng cao,Advance Discerete Mathematics,,KHMT,CNTC,,,,"IT003
MA004",4.0,0.0
254,254.0,CS522,Đại số máy tính,Computer algebra,,KHMT,CĐTN,,,,"IT003
MA004",3.0,1.0
255,255.0,CS523,Cấu trúc dữ liệu và giải thuật nâng cao,Advanced data structures and algorithms,,KHMT,CNTC,DSAL2,,,"IT003
IT001",3.0,1.0
256,256.0,CS524,Một số ứng dụng của xử lý ngôn ngữ tự nhiên,Applied Natural Language Processing,,KHMT,CNTC,,,,CS221,3.0,1.0
257,257.0,CS525,Thị giác máy tính trong tương tác người – máy,Computer Vision in Human-Computer Interaction,,KHMT,CN,,,,,3.0,1.0
258,258.0,CS526,Phát triển ứng dụng đa phương tiện trên thiết bị di động,Multimedia Mobile Applications,,KHMT,CNTC,,,,,3.0,1.0
259,259.0,CS527,Thực tại ảo,Virtual Reality,,KHMT,CNTC,,,,,3.0,1.0
260,260.0,CS528,Trực quan hóa thông tin,Information Visualization,,KHMT,CNTC,,,,,3.0,1.0
261,261.0,CS529,Các vấn đề nghiên cứu và ứng dụng trong khoa học máy tính,Selected topics for researching and application in Computer Science,,KHMT,CNTC,,,,CS519,4.0,0.0
262,262.0,CS530,Đồ án chuyên ngành,Undergraduate Research Project,,KHMT,CNTC,,,,,3.0,0.0
263,263.0,CS531,Đồ họa trong video game,Computer Graphics in Video Games,,KHMT,CN,,,,,3.0,1.0
264,264.0,CS532,Thị giác máy tính trong tương tác người-máy,Computer Vision in Human-Computer Interaction,,KHMT,CN,,,,,3.0,1.0
265,265.0,CS534,Lập trình Javascript và ứng dụng,Lập trình Javascript và ứng dụng,,KHMT,CNTC,,,,,3.0,1.0
266,266.0,CS535,Tổng hợp tiếng nói,Speech Synthesis,,KHMT,CNTC,,,,"CS221
CS114",3.0,1.0
267,267.0,CS5423,Nguyên lý các hệ cơ sở dữ liệu,Principle of database systems,,HTTT,CSN,,,,,3.0,1.0
268,268.0,CS5433,Các hệ cơ sở dữ liệu phân tán,Distributed database systems,,HTTT,CSN,,,,"CS5423
CS4283
MSIS4013",3.0,0.0
269,269.0,CS551,Thực tập,Internship,,KHMT,TTTN,,,,,2.0,0.0
270,270.0,CSBU001,Lập trình,Programming,,KHMT,CN,,,,,3.0,1.0
271,271.0,CSBU002,Mạng máy tính,Networking,,KHMT,CN,,,,,3.0,1.0
272,272.0,CSBU003,Thực hành nghề nghiệp,Professional Practice,,KHMT,CN,,,,,4.0,0.0
273,273.0,CSBU004,Toán cho Tin học,Maths for Computing,,KHMT,CN,,,,,3.0,1.0
274,274.0,CSBU005,Bảo mật,Security,,KHMT,CN,,,,,3.0,1.0
275,275.0,CSBU006,Quản lý dự án máy tính thành công,Managing a Successful Computing Project,,KHMT,CN,,,,,4.0,0.0
276,276.0,CSBU007,Thiết kế và phát triển cơ sở dữ liệu,Database Design and Development,,KHMT,CN,,,,,3.0,1.0
277,277.0,CSBU008,Kiến trúc máy tính,Computer Systems Architecture,,KHMT,CN,,,,,3.0,1.0
278,278.0,CSBU009,Dự án nghiên cứu,Computing Research Project,,KHMT,CN,,,,,4.0,4.0
279,279.0,CSBU010,Công nghệ kinh doanh thông minh,Business Intelligence,,KHMT,CN,,,,,3.0,1.0
280,280.0,CSBU011,Toán rời rạc,Discrete Maths,,KHMT,CN,,,,,4.0,0.0
281,281.0,CSBU012,Cấu trúc dữ liệu và giải thuật,Data Structures and Algorithms,,KHMT,CN,,,,,3.0,1.0
282,282.0,CSBU013,Lập trình nâng cao,Advanced Programming,,KHMT,CN,,,,,3.0,1.0
283,283.0,CSBU014,Máy học,Machine Learning,,KHMT,CN,,,,,3.0,1.0
284,284.0,CSBU015,Điện toán đám mây,Cloud Computing,,KHMT,CN,,,,,3.0,1.0
285,285.0,CSBU016,Thực tập,Internship,,KHMT,TTTN,,,,,0.0,0.0
286,286.0,CSBU101,Lập trình máy tính,Computer Programming,,KHMT,CN,,,,,40.0,25.0
287,287.0,CSBU102,Hệ thống máy tính,Computer Systems,,KHMT,CN,,,,,40.0,25.0
288,288.0,CSBU103,Phát triển và thiết kế web,Website Design and Development,,KHMT,CN,,,,,40.0,25.0
289,289.0,CSBU104,Cấu trúc dữ liệu và giải thuật,Data Structures and Algorithms,,KHMT,CN,,,,,40.0,25.0
290,290.0,CSBU105,Mạng máy tính căn bản,Network Fundamentals,,KHMT,CN,,,,,40.0,25.0
291,291.0,CSBU106,Đồ án đổi mới sáng tạo,Innovation Project,,KHMT,CN,,,,,48.0,32.0
292,292.0,CSBU107,Lập trình hướng đối tượng,Object Oriented Programming,,KHMT,CN,,,,,40.0,25.0
293,293.0,CSBU108,Hệ điều hành,Operating Systems,,KHMT,CN,,,,,40.0,25.0
294,294.0,CSBU109,Phát triển ứng dụng web và cơ sở dữ liệu,Database and Web Application Development,,KHMT,CN,,,,,40.0,25.0
295,295.0,CSBU110,Toán rời rạc và Lập trình khai báo,Discrete Mathematics and Declarative Programming,,KHMT,CN,,,,,40.0,25.0
296,296.0,CSBU111,An ninh mạng,Cyber Security,,KHMT,CN,,,,,40.0,25.0
297,297.0,CSBU112,Thiết kế phần mềm,Software Design,,KHMT,CN,,,,,40.0,25.0
298,298.0,CSBU201,Thiết kế trải nghiệm người dùng,User Experience Design,,KHMT,CN,,,,,40.0,24.0
299,299.0,CSBU202,Phát triển ứng dụng cho thiết bị di động và thiết bị đeo,Mobile and Wearable Application Development,,KHMT,CN,,,,,48.0,32.0
300,300.0,CSBU203,Điện toán đám mây,Cloud Computing,,KHMT,CN,,,,,40.0,24.0
301,301.0,CSBU204,Trí tuệ nhân tạo và Máy học,Artificial Intelligence and Machine Learning,,KHMT,CN,,,,,40.0,24.0
302,302.0,CSBU205,Dự án cá nhân,Individual Honours Project,,KHMT,CN,,,,,48.0,32.0
303,303.0,CSC01,Tin học đại cương,Introduction to informatics,,KHMT,CN,,IT001,,,3.0,1.0
304,304.0,CSC11,Khoa học máy tính I,Computer science I,,KHMT,CN,,,,,4.0,0.0
305,305.0,CSC12,Khoa học máy tính II,Computer science II,,KHMT,CN,,,,,4.0,0.0
306,306.0,CSC21,Tin học đại cương (TE),Introduction to informatics,,KHMT,CN,,"IT001
CSC01",,,5.0,0.0
307,307.0,CSKI1,Kỹ năng truyền thông làm việc nhóm,Teamwork and communication skills,,KHMT,CN,,,,,4.0,0.0
308,308.0,CU001,Văn hóa doanh nghiệp Nhật,Japanese corporate culture,,KTTT,CN,,,,,2.0,0.0
309,309.0,DBSS1,Cơ sở dữ liệu,Database,,TTNN,ĐC,,IT004,,,3.0,1.0
310,310.0,DS005,Giới thiệu ngành Khoa học Dữ liệu,Introduction to Data Science,,KTTT,ĐC,,"CS005
IE005
IS005
SE005
CE005
NT005
NT015
EC005
AI001",,,1.0,0.0
311,311.0,DS101,Thống kê và xác suất chuyên sâu,Advanced Statistic and Probabilistics,,KTTT,CN,,,,MA005,2.0,1.0
312,312.0,DS102,Học máy thống kê,Statistical Machine Learning,,KTTT,CN,,,,,3.0,1.0
313,313.0,DS103,Thu thập và tiền xử lý dữ liệu,Getting and Cleaning Data,,KTTT,CN,,,,,3.0,1.0
314,314.0,DS104,Tính toán song song & phân tán,Parallel and Distributed Computing,,KTTT,CN,,,,IT004,3.0,1.0
315,315.0,DS105,Phân tích và trực quan dữ liệu,Data Analytics and Visulization,,KTTT,CN,,,,"MA005
IT001
DS103",3.0,1.0
316,316.0,DS106,Tối ưu hóa và ứng dụng,Optimization and Applications,,KTTT,CN,,,,MA003,2.0,1.0
317,317.0,DS107,Tư duy tính toán cho Khoa học dữ liệu,Computational Thinking for Data Science,,KTTT,CN,,,,,3.0,1.0
318,318.0,DS200,Phân tích dữ liệu lớn,Big Data Analysis,,KTTT,CN,,,,,3.0,1.0
319,319.0,DS201,Deep Learning trong khoa học dữ liệu,Deep Learning for Data Science,,KTTT,CN,,,,DS102,3.0,1.0
320,320.0,DS202,Đồ án khoa học dữ liệu và ứng dụng 1,Data science project and application 1,,KTTT,CN,,,,,0.0,2.0
321,321.0,DS203,Đồ án khoa học dữ liệu và ứng dụng 2,Data science project and application 2,,KTTT,CN,,,,DS202,0.0,2.0
322,322.0,DS204,Đồ án khoa học dữ liệu và ứng dụng,Applied Project in data science,,KTTT,ĐA,,,,,0.0,2.0
323,323.0,DS207,Đồ án,Project,,KTTT,CN,,,,,0.0,2.0
324,324.0,DS300,Hệ khuyến nghị,Recommender Systems,,KTTT,CN,,,,,3.0,1.0
325,325.0,DS301,Các giải thuật khai phá dữ liệu lớn,Mining of Massive Datasets,,KTTT,CN,,,,,3.0,1.0
326,326.0,DS302,Phân tích thống kê đa biến,Multivariate Statistical Analysis,,KTTT,CN,,,MA005,,2.0,1.0
327,327.0,DS303,Thống kê Bayes,Bayesian Statictics,,KTTT,CN,,,MA005,,2.0,1.0
328,328.0,DS304,Thiết kế và phân tích thực nghiệm,Design and Analysis of Experiments,,KTTT,CN,,,,MA005,3.0,0.0
329,329.0,DS305,Phân tích dữ liệu chuỗi thời gian và ứng dụng,Applied Time Series Analysis,,KTTT,CN,,,MA005,,2.0,1.0
330,330.0,DS306,Phân tích dữ liệu lớn trong tài chính,Big Data in Finance,,KTTT,CN,,,DS200,,3.0,0.0
331,331.0,DS307,Phân tích dữ liệu truyền thông xã hội,Social Media Data Analytics,,KTTT,CN,,,,IT004,3.0,0.0
332,332.0,DS308,Mô hình đồ thị xác suất,Probabilistic Graphical Models,,KTTT,CN,,,,,3.0,1.0
333,333.0,DS309,Thực tập doanh nghiệp,Internship,,KTTT,TTTN,,,,,2.0,0.0
334,334.0,DS310,Xử lý ngôn ngữ tự nhiên cho Khoa học dữ liệu,Natural Language Processing for Data Science,,KTTT,CN,,,,DS102,3.0,1.0
335,335.0,DS311,Kỹ năng nghiên cứu và viết bài báo khoa học,Scientific research and writing skills,,KTTT,CN,,,,,3.0,0.0
336,336.0,DS312,Xử lý ảnh Y Khoa,Medical Image Processing,,KTTT,CN,,,,,3.0,0.0
337,337.0,DS505,Khóa luận tốt nghiệp,Thesis,,KTTT,KLTN,,,,,10.0,0.0
338,338.0,DSAL1,Cấu trúc dữ liệu và giải thuật,Data Structures and Algorithms,,TTNN,ĐC,,IT003,,,3.0,1.0
339,339.0,DSAL2,Cấu trúc dữ liệu & giải thuật nâng cao,Advanced data structures and algorithms,,KHMT,ĐC,,CS523,,,3.0,1.0
340,340.0,EC001,Kinh tế học đại cương,Principles of economics,,HTTT,CSN,,,,,4.0,0.0
341,341.0,EC002,Quản trị doanh nghiệp,Business Management,,HTTT,CNTC,,,,,3.0,0.0
342,342.0,EC003,Tiếp thị căn bản,Basic makerting,,HTTT,CN,,,,,3.0,0.0
343,343.0,EC005,Giới thiệu ngành Thương mại Điện tử,Introduction to E-Commerce,,HTTT,ĐC,,"CS005
IE005
IS005
SE005
CE005
NT005
NT015
DS005
AI001",,,1.0,0.0
344,344.0,EC101,Marketing căn bản,Basic marketing,,HTTT,CN,,,,,3.0,0.0
345,345.0,EC201,Phân tích thiết kế quy trình nghiệp vụ doanh nghiệp,Business Process Modeling,,HTTT,CSN,,,,,3.0,1.0
346,346.0,EC202,Nhập môn quản trị chuỗi cung ứng,Supply Chain Management,,HTTT,CNTC,,EC214,,,3.0,1.0
347,347.0,EC203,Quản trị quan hệ khách hàng và nhà cung cấp,Quản trị quan hệ khách hàng và nhà cung cấp,,HTTT,CN,,EC213,,,3.0,1.0
348,348.0,EC204,Marketing điện tử,E-Marketing,,HTTT,CN,,,,,2.0,1.0
349,349.0,EC208,QuẢN trị dự án TMĐT,E-Commerce project management,,HTTT,CN,,,,,3.0,0.0
350,350.0,EC212,Thực tập doanh nghiệp,Industry Internship Program,,HTTT,TTTN,,EC222,,,3.0,0.0
351,351.0,EC213,Quản trị quan hệ khách hàng và nhà cung cấp,Customer Relationship Management and Supplier Relationship Management,,HTTT,CN,,,,,2.0,1.0
352,352.0,EC214,Nhập môn Quản trị chuỗi cung ứng,Introduction to Supply Chain Management,,HTTT,CNTC,,,,IS334,3.0,0.0
353,353.0,EC219,Pháp luật trong thương mại điện tử,Law in E-Commerce,,HTTT,CN,,EC229,,,3.0,0.0
354,354.0,EC222,Thực tập doanh nghiệp,Internship,,HTTT,TTTN,,,,,2.0,0.0
355,355.0,EC229,Pháp luật trong thương mại điện tử,Law in E-Commerce,,HTTT,CN,,,,,2.0,0.0
356,356.0,EC232,Nguyên lý kế toán,Principle of accounting,,HTTT,CNTC,,,,,3.0,0.0
357,357.0,EC301,Tiếp thị trực tuyến (E-Marketing),Tiếp thị trực tuyến (E-Marketing),,HTTT,CN,,EC311,,,3.0,1.0
358,358.0,EC302,Thiết kế Hệ thống Thương mại điện tử,Thiết kế Hệ thống Thương mại điện tử,,HTTT,CN,,EC312,,,3.0,1.0
359,359.0,EC304,Tối ưu hóa công cụ tìm kiếm trong Thương mại điện tử,Search engine optimization in E-Commerce,,HTTT,CN,,,,,3.0,0.0
360,360.0,EC311,Tiếp thị trực tuyến,E-Marketing,,HTTT,CN,,,,,2.0,1.0
361,361.0,EC312,Thiết kế hệ thống thương mại điện tử,E-Commerce System Design,,HTTT,CN,,,,IS207,2.0,1.0
362,362.0,EC331,Quản trị chiến lược kinh doanh điện tử,Electronic Strategic Business Management,,HTTT,CNTC,,,,,3.0,0.0
363,363.0,EC332,Quản trị sản xuất,Production & Mananufacturing Management,,HTTT,CNTC,,,,,3.0,0.0
364,364.0,EC333,Quản trị tài chính doanh nghiệp,Finance & Controlling,,HTTT,CNTC,,,,,3.0,0.0
365,365.0,EC334,Quản trị kênh phân phối,Distribution Chanel Management,,HTTT,CNTC,,,,,3.0,0.0
366,366.0,EC335,An toàn và bảo mật thương mại điện tử,Safety and security in Electronic Commerce,,HTTT,CN,,,,,3.0,0.0
367,367.0,EC336,Quản trị nhân lực,Human Resources,,HTTT,CNTC,,,,,3.0,0.0
368,368.0,EC337,Hệ thống thanh toán trực tuyến,E-Payment System,,HTTT,CN,,,,,3.0,0.0
369,369.0,EC338,Quản trị bán hàng,Sale management,,HTTT,CNTC,,,,,3.0,0.0
370,370.0,EC401,Khóa luận tốt nghiệp,Thesis,,HTTT,KLTN,,,,,10.0,0.0
371,371.0,EC402,Phát triển ứng dụng thương mại di động,Mobile commerce application development,,HTTT,CN,,,,,3.0,1.0
372,372.0,EC403,Thương mại xã hội,Social commerce,,HTTT,CN,,,,,3.0,0.0
373,373.0,ECE02,Mạch số,Digital circuit,,BMTL,ĐC,,,,,3.0,1.0
374,374.0,ECON3313,Kinh tế tiền tệ,Monetary economics,,HTTT,CNTC,,,,,3.0,0.0
375,375.0,EN001,Anh văn 1,English 1,,BMAV,ĐC,,,ENBT,,4.0,0.0
376,376.0,EN001.CO,English for Communication 1,English for Communication 1,,HTTT,BT,,,,,0.0,0.0
377,377.0,EN001.GE,General English,General English,,HTTT,BT,,,,,0.0,0.0
378,378.0,EN002,Anh văn 2,English 2,,BMAV,ĐC,,"EN004
ENG01",EN001,,4.0,0.0
379,379.0,EN002.CO,English for Communication 1,English for Communication 1,,HTTT,BT,,,,,0.0,0.0
380,380.0,EN002.GE,General English,General English,,HTTT,BT,,,,,0.0,0.0
381,381.0,EN003,Anh văn 3,English 3,,BMAV,ĐC,,"EN006
EN005
ENG02",EN002,,4.0,0.0
382,382.0,EN004,Anh văn 1,English 1,,BMAV,ĐC,,ENG01,,,4.0,0.0
383,383.0,EN005,Anh văn 2,English 2,,BMAV,ĐC,,ENG02,,,4.0,0.0
384,384.0,EN006,Anh văn 3,English 3,,BMAV,ĐC,,ENG03,,,4.0,0.0
385,385.0,ENBT,Anh văn Bổ túc,English 0,,BMAV,BT,,,,,0.0,0.0
386,386.0,ENG00,Anh văn 0,English 0,,TTNN,ĐC,,,,,0.0,0.0
387,387.0,ENG01,Anh văn 1,English 1,,TTNN,ĐC,,"INT001
EN004
EN002",,,4.0,0.0
388,388.0,ENG02,Anh văn 2,English 2,,TTNN,ĐC,,"INT003
EN005
EN003",ENG01,,4.0,0.0
389,389.0,ENG03,Anh văn 3,English 3,,TTNN,ĐC,,"INT004
EN006",ENG02,,4.0,0.0
390,390.0,ENG04,Anh văn 4,English 4,,TTNN,ĐC,,INT005,ENG03,,4.0,0.0
391,391.0,ENG05,Anh văn 5,English 5,,TTNN,ĐC,,INT006,ENG04,,4.0,0.0
392,392.0,ENG06,Kỹ năng thuyết trình tiếng Anh,Effective Presentation,,TTNN,CN,,,ENG03,,4.0,0.0
393,393.0,ENG07,Kỹ năng viết tiếng Anh,Critical Writing,,TTNN,CN,,,ENG03,,4.0,0.0
394,394.0,ENG11,Tiếng anh tăng cường I,Intensive English I,,TTNN,ĐC,,,,,0.0,0.0
395,395.0,ENG12,Tiếng anh tăng cường II,Intensive English II,,TTNN,ĐC,,,,,0.0,0.0
396,396.0,ENG13,Tiếng Anh I,English Composition I,,TTNN,ĐC,,,,,0.0,0.0
397,397.0,ENG14,Tiếng Anh II,English Composition II,,TTNN,ĐC,,,,,0.0,0.0
398,398.0,ENG15,Tiếng Anh chuyên ngành CNTT,English for computer science,,TTNN,ĐC,,,,,0.0,0.0
399,399.0,ENGA1,Anh văn sơ cấp 1,Anh văn sơ cấp 1,,TTNN,BT,,,,,0.0,0.0
400,400.0,ENGA2,Anh văn sơ cấp 2,Anh văn sơ cấp 2,,TTNN,BT,,,,,0.0,0.0
401,401.0,ENGBT,Anh văn bổ túc,English 0,,TTNN,ĐC,,,,,0.0,0.0
402,402.0,ENGL1113,Tiếng Anh I,English Composition I,,HTTT,ĐC,,,,,3.0,0.0
403,403.0,ENGL1213,Tiếng Anh II,English composition 2,,HTTT,ĐC,ENG14,,ENGL1113,,3.0,0.0
404,404.0,ENLS1,"Nâng cao kỹ năng nghe, nói tiếng Anh 1","Nâng cao kỹ năng nghe, nói tiếng Anh 1",,TTNN,ĐC,,,,,0.0,0.0
405,405.0,ENLS2,"Nâng cao kỹ năng nghe, nói tiếng Anh 2","Nâng cao kỹ năng nghe, nói tiếng Anh 2",,TTNN,ĐC,,,,,0.0,0.0
406,406.0,ENRW1,"Nâng cao kỹ năng đọc, viết tiếng Anh 1","Nâng cao kỹ năng đọc, viết tiếng Anh 1",,TTNN,ĐC,,,,,0.0,0.0
407,407.0,ENRW2,"Nâng cao kỹ năng đọc, viết tiếng Anh 2","Nâng cao kỹ năng đọc, viết tiếng Anh 2",,TTNN,ĐC,,,,,0.0,0.0
408,408.0,HCMT1,Tư tưởng Hồ Chí Minh,Ho Chi Minh's Ideology,,PĐTĐH,ĐC,,SS003,,,2.0,0.0
409,409.0,IE005,Giới thiệu ngành Công nghệ Thông tin,Introduction to Information Technology,,KTTT,ĐC,,"CS005
IS005
SE005
CE005
NT005
NT015
EC005
DS005
AI001",,,1.0,0.0
410,410.0,IE101,Cơ sở hạ tầng công nghệ thông tin,Information technology Infrastructure,,KTTT,CSN,,,,,2.0,1.0
411,411.0,IE102,Các công nghệ nền,Platform technologies,,KTTT,CSN,,,,,2.0,1.0
412,412.0,IE103,Quản lý thông tin,Information management,,KTTT,CSN,,,,IT004,3.0,1.0
413,413.0,IE104,Internet và công nghệ Web,Internet and web technology,,KTTT,CSN,,,,"IT001
IT005",3.0,1.0
414,414.0,IE105,Nhập môn bảo đảm và an ninh thông tin,Introduction to information assurance and security,,KTTT,CSN,,,,,3.0,1.0
415,415.0,IE106,Thiết kế giao diện người dùng,User interface design,,KTTT,CSN,,,,IT001,3.0,1.0
416,416.0,IE107,Thiết kế giao diện người dùng,Thiết kế giao diện người dùng,,KTTT,CSN,,,,,3.0,1.0
417,417.0,IE108,Phân tích thiết kế phần mềm,Software Analysis and Design,,KTTT,CN,,,,,3.0,1.0
418,418.0,IE201,Xử lý dữ liệu thống kê,Analysis of statistical data,,KTTT,CN,,,,"MA005
MA006",3.0,0.0
419,419.0,IE202,Quản trị doanh nghiệp,Business management,,KTTT,CN,,,,,3.0,0.0
420,420.0,IE203,Hệ thống quản trị qui trình nghiệp vụ,Bussiness process management systems,,KTTT,CĐTN,,,,"IT001
IT004",3.0,1.0
421,421.0,IE204,Tối ưu hóa công cụ tìm kiếm,Search engine optimization,,KTTT,CĐTN,,,,IE104,3.0,1.0
422,422.0,IE205,Xử lý ảnh vệ tinh,Satellite image processing,,KTTT,CN,,,,IS351,3.0,0.0
423,423.0,IE206,Đồ án chuẩn bị tốt nghiệp,Preparing for the graduation project,,KTTT,ĐA,,,,,0.0,2.0
424,424.0,IE207,Đồ án,Project,,KTTT,ĐA,,,,"IT001
IT004",0.0,2.0
425,425.0,IE208,Kiến trúc và tích hợp hệ thống,System Integration and Architecture,,KTTT,CNTC,,,,,3.0,0.0
426,426.0,IE209,Công nghệ Java,Java Technology,,KTTT,CNTC,,IE303,,IT002,3.0,1.0
427,427.0,IE210,Hệ thống định vị toàn cầu (GPS),Global Positioning System,,KTTT,CNTC,,,,,3.0,0.0
428,428.0,IE211,Tin học môi trường,Environmental Informatics,,KTTT,CNTC,,,,,2.0,0.0
429,429.0,IE212,Công nghệ Dữ liệu lớn,Big Data Technology,,KTTT,CN,,,,IT007,3.0,1.0
430,430.0,IE213,Kỹ thuật phát triển hệ thống Web,Web System Development,,KTTT,CN,,,,IE104,3.0,1.0
431,431.0,IE216,Các chủ đề toán học cho KHDL,Topics in Mathematics of Data Science,,KTTT,CNTC,,,,,3.0,0.0
432,432.0,IE217,Máy học,Máy học,,KTTT,CNTC,,DS102,,,3.0,1.0
433,433.0,IE218,Xử lý dữ liệu lớn,Big Data Processing,,KTTT,CNTC,,,,,3.0,1.0
434,434.0,IE221,Kỹ thuật lập trình Python,Python Programming Techniques,,KTTT,CN,,,,IT001,3.0,1.0
435,435.0,IE222,Phân tích dữ liệu bằng Python,Phân tích dữ liệu bằng Python,,KTTT,CN,,,,,3.0,1.0
436,436.0,IE223,Phân tích dữ liệu bằng Python &R,Phân tích dữ liệu bằng Python &R,,KTTT,CN,,,,,3.0,1.0
437,437.0,IE224,Phân tích dữ liệu,Data Analysis,,KTTT,CN,,,,,3.0,1.0
438,438.0,IE225,Interconnections Networks,Interconnections Networks,,KTTT,CN,,,,,3.0,1.0
439,439.0,IE226,Computer Graphics and Visualization,Computer Graphics and Visualization,,KTTT,CN,,,,,3.0,1.0
440,440.0,IE227,Signal Processing over Networks,Signal Processing over Networks,,KTTT,CN,,,,,3.0,1.0
441,441.0,IE228,Human-Computer Interaction,Human-Computer Interaction,,KTTT,CN,,,,,3.0,1.0
442,442.0,IE229,Artificial Intelligence,Artificial Intelligence,,KTTT,CN,,,,,3.0,1.0
443,443.0,IE230,Viết báo cáo kỹ thuật bằng tiếng Nhật,Japanese technical writing,,KTTT,CN,,,,,0.0,2.0
444,444.0,IE301,Quản trị quan hệ khách hàng,Customer relationship management,,KTTT,CNTC,,,,,3.0,0.0
445,445.0,IE302,Kiến trúc và tích hợp hệ thống,System integration and architecture,,KTTT,CNTC,,,,,3.0,0.0
446,446.0,IE303,Công nghệ Java,Java technology,,KTTT,CĐTN,,,,IT002,3.0,1.0
447,447.0,IE304,Hệ thống định vị toàn cầu,Global positioning system,,KTTT,CNTC,,,,IS251,3.0,0.0
448,448.0,IE305,Tin học môi trường,Environmental informatics,,KTTT,CNTC,,,,"IE101
IS251",2.0,0.0
449,449.0,IE307,Công nghệ lập trình đa nền tảng cho ứng dụng di động,Cross-Platform Mobile Development,,KTTT,CNTC,,,,,3.0,1.0
450,450.0,IE309,Thực tập doanh nghiệp,Internship,,KTTT,CNTC,,,,,2.0,0.0
451,451.0,IE401,Tin-Sinh học,Bioinformatics,,KTTT,CĐTN,,,,IT003,3.0,0.0
452,452.0,IE402,Hệ thống thông tin địa lý 3 chiều,Three - dimentinal geographic information system,,KTTT,CĐTN,,,,IT004,3.0,1.0
453,453.0,IE403,Khai thác dữ liệu truyền thông xã hội,Social media mining,,KTTT,CĐTN,,,,,3.0,0.0
454,454.0,IE404,Khai phá truyền thông xã hội,Social Media Mining,,KTTT,CĐTN,,,,,3.0,0.0
455,455.0,IE405,Công nghệ phân tích dữ liệu lớn,Big data analysis Technologies,,KTTT,CĐTN,,,,,3.0,1.0
456,456.0,IE406,Nhập môn ẩn thông tin và ứng dụng,Data hiding fundamentals and applications,,KTTT,TN,,,,,3.0,0.0
457,457.0,IE505,Khóa luận tốt nghiệp,Graduation thesis,,KTTT,KLTN,,,,,10.0,0.0
458,458.0,IEM4733,Tái cấu trúc quy trình doanh nghiệp,Re-engineering Business Processes,,HTTT,CN,,,,MSIS3303,3.0,0.0
459,459.0,IEM5723,"Mô hình hóa dữ liệu, quy trình và đối tượng","Data, Process and Object Modeling",,HTTT,CSN,,,,MSIS2433,3.0,0.0
460,460.0,INT001,Tiếng Anh tổng quát (tạm gọi),General English,,HTTT,BT,,ENG01,,,0.0,0.0
461,461.0,INT002,Toeic 1,Toeic 1,,HTTT,BT,,,,,0.0,0.0
462,462.0,INT003,Tiếng Anh tổng quát 2 (tạm gọi),General English 2,,HTTT,BT,,ENG02,,,0.0,0.0
463,463.0,INT004,Toeic 2,Toeic 2,,HTTT,BT,,ENG03,,,0.0,0.0
464,464.0,INT005,Tiếng Anh giao tiếp (tạm gọi),Communication,,HTTT,ĐC,,ENG04,,,0.0,0.0
465,465.0,INT006,Toeic 3,Toeic 3,,HTTT,ĐC,,ENG05,,,0.0,0.0
466,466.0,IS005,Giới thiệu ngành Hệ thống Thông tin,Introduction to Information Systems discipline,,HTTT,ĐC,,"CS005
IE005
SE005
CE005
NT005
NT015
EC005
DS005
AI001",,,1.0,0.0
467,467.0,IS101,Thiết kế cơ sở dữ liệu,Database design,,HTTT,CN,IS214,IS214,,,3.0,1.0
468,468.0,IS102,Các hệ cơ sở tri thức,Knowledge-based systems,,HTTT,CN,,CS217,,,3.0,0.0
469,469.0,IS103,Hệ quản trị cơ sở dữ liệu,Database Management Systems,,HTTT,CN,,IS210,,,3.0,1.0
470,470.0,IS104,Cơ sở dữ liệu phân tán,Distributed Databases,,HTTT,CN,,IS211,,,3.0,1.0
471,471.0,IS105,Hệ quản trị cơ sở dữ liệu Oracle,Oracle database management system,,HTTT,CN,,,,IT004,3.0,1.0
472,472.0,IS106,Khai thác dữ liệu,Data Mining,,HTTT,CN,,,,,3.0,1.0
473,473.0,IS107,Hệ thống thông tin kế toán,Accounting Information Systems,,HTTT,CN,,IS232,,,5.0,0.0
474,474.0,IS201,Phân tích thiết kế hệ thống thông tin,Information system analysis and design,,HTTT,CSN,,,,"IT004
IT002",3.0,1.0
475,475.0,IS202,Nhập môn công nghệ phần mềm,Software engineering,,HTTT,CN,,SE104,,,3.0,1.0
476,476.0,IS203,Lập trình cơ sở dữ liệu,Database programming,,HTTT,CN,,,,IT004,3.0,1.0
477,477.0,IS204,Nhập môn hệ thống thông tin địa lý,Introduction to Geographic Information Systems,,HTTT,CN,,IS251,,,3.0,1.0
478,478.0,IS205,PTTK hướng đối tượng với UML,Object-oriented Analysis and Design with UML,,HTTT,CN,,IS215,,,3.0,1.0
479,479.0,IS206,Lập trình ứng dụng Web với Java,Web application programming in Java,,HTTT,CN,,IS216,,IT004,3.0,1.0
480,480.0,IS207,Phát triển ứng dụng web,Web application development,,HTTT,CN,,,,IT004,3.0,1.0
481,481.0,IS208,Quản lý dự án công nghệ thông tin,Information-technology project management,,HTTT,CSN,,SE340,,,3.0,1.0
482,482.0,IS210,Hệ quản trị cơ sở dữ liệu,Database management systems,,HTTT,CSN,,,,IT004,3.0,1.0
483,483.0,IS211,Cơ sở dữ liệu phân tán,Distributed databases,,HTTT,CN,IS104,,,"IT004
IT005",3.0,1.0
484,484.0,IS212,Thực tập tốt nghiệp,Internship,,HTTT,TTTN,,,,,3.0,0.0
485,485.0,IS213,Đồ án xây dựng một hệ thống thông tin,Information system development,,HTTT,ĐA,,,,,3.0,0.0
486,486.0,IS214,Thiết kế cơ sở dữ liệu,Database design,,HTTT,CN,,,,,3.0,1.0
487,487.0,IS215,Thiết kế hướng đối tượng với UML,Object-oriented analysis and design with UML,,HTTT,CSN,,,,"IT002
IT004",3.0,1.0
488,488.0,IS216,Lập trình Java,Programming with Java,,HTTT,CSN,,,,IT004,3.0,1.0
489,489.0,IS217,Kho dữ liệu và OLAP,Data warehouse and OLAP,,HTTT,CN,IS304,IS304,,IT004,3.0,0.0
490,490.0,IS218,Kỹ năng tư vấn,Kỹ năng tư vấn,,HTTT,CNTC,,,,,2.0,0.0
491,491.0,IS219,Pháp luật trong Thương mại điện tử,Pháp luật trong Thương mại điện tử,,HTTT,CNTC,,,,,3.0,0.0
492,492.0,IS220,Xây dựng HTTT trên các framework,.Net Technology,,HTTT,CN,,,,,3.0,1.0
493,493.0,IS225,Khai thác dữ liệu và ứng dụng,Data mining and applications,,,CN,,,,,4.0,0.0
494,494.0,IS232,Hệ thống thông tin kế toán,Accounting information systems,,HTTT,CN,IS107,,,IS336,4.0,0.0
495,495.0,IS251,Nhập môn Hệ thống thông tin địa lý,Introduction to geographic information systems,,HTTT,CN,IS204,IS204,,IT004,3.0,1.0
496,496.0,IS252,Khai thác dữ liệu,Data mining,,HTTT,CN,IS106,,,"MA005
IT004",3.0,1.0
497,497.0,IS253,Lập trình ứng dụng trên thiết bị di động,Mobile application programming,,HTTT,CN,,NT118,,IT002,2.0,1.0
498,498.0,IS254,Hệ hỗ trợ quyết định,Decision-sypport systems,,HTTT,CN,,,,,3.0,0.0
499,499.0,IS301,Thương mại điện tử,E-commerce,,HTTT,CN,,IS334,,,3.0,0.0
500,500.0,IS302,Phân tích không gian,Spatial analysis,,HTTT,CN,,IS351,,,3.0,1.0
501,501.0,IS303,Hệ cơ sở dữ liệu không gian,Spatial Database Systems,,HTTT,CN,,IS352,,,3.0,1.0
502,502.0,IS3033,Quản lý dự án hệ thống thông tin,IS-Project Management,,HTTT,CN,,,,,4.0,0.0
503,503.0,IS304,Kho dữ liệu và OLAP,Data warehouse and OLAP,,HTTT,CN,,"IS404
IS217",,,3.0,1.0
504,504.0,IS305,An toàn và bảo mật HTTT,Information systems security & protection,,HTTT,CN,,IS335,,,3.0,0.0
505,505.0,IS306,Hệ thống thông tin quản lý,Accounting information systems,,HTTT,CN,,IS332,,,3.0,0.0
506,506.0,IS311,Đồ án xây dựng hệ thống thông tin,Information system development,,HTTT,ĐA,IS213,IS213,,,3.0,0.0
507,507.0,IS3303,Phân tích thiết kế hệ thống,System Analysis and Design,,HTTT,CN,,,,,4.0,0.0
508,508.0,IS332,Hệ thống thông tin quản lý,Management information systems,,HTTT,CN,,,,IS201,3.0,0.0
509,509.0,IS334,Thương mại điện tử,E-commerce,,HTTT,CN,IS301,,,,3.0,0.0
510,510.0,IS335,An toàn và bảo mật hệ thống thông tin,Information systems security,,HTTT,CN,IS305,,,"IT007
IT005
IT004",3.0,0.0
511,511.0,IS336,Hoạch định nguồn lực doanh nghiệp,Enterprise resource planning,,HTTT,CSN,,,,,3.0,1.0
512,512.0,IS337,Cơ sở dữ liệu nâng cao,Advanced databases,,HTTT,CN,,,,,3.0,1.0
513,513.0,IS338,Dự báo kinh doanh,Markets analysis,,HTTT,CN,IS306,,,IS336,3.0,0.0
514,514.0,IS339,Sinh tin học,Bioinformatics,,HTTT,CNTC,,,,,3.0,0.0
515,515.0,IS340,Thị trường chứng khoán,Thị trường chứng khoán,,HTTT,CNTC,,,,,3.0,0.0
516,516.0,IS341,Khởi nghiệp,Khởi nghiệp,,HTTT,CNTC,,,,,3.0,0.0
517,517.0,IS342,Chính phủ điện tử,Chính phủ điện tử,,HTTT,CNTC,,,,,3.0,0.0
518,518.0,IS343,Luật CNTT,Luật CNTT,,HTTT,CNTC,,,,,3.0,0.0
519,519.0,IS351,Phân tích không gian,Spatial analysis,,HTTT,CN,IS302,,,IS251,3.0,1.0
520,520.0,IS352,Hệ cơ sở dữ liệu không gian,Spatial database systems,,HTTT,CN,IS303,,,"IT004
IS251",3.0,1.0
521,521.0,IS353,Mạng xã hội,Social networks,,HTTT,CĐTN,,,,"IT004
MA004",3.0,0.0
522,522.0,IS354,Công nghệ tài chính căn bản Fintech,Introduction to financial technology,,HTTT,CN,,,,,3.0,0.0
523,523.0,IS355,Công nghệ Blockchain,Blockchain Technology,,HTTT,CN,,,,,3.0,1.0
524,524.0,IS356,Agile IT với DevOps,,,HTTT,CN,,,,,3.0,0.0
525,525.0,IS357,Kiến trúc hướng dịch vụ,Service Oriented Architecture,,HTTT,CN,,,,,3.0,0.0
526,526.0,IS401,Khóa luận tốt nghiệp,Thesis,,HTTT,KLTN,,,,,10.0,0.0
527,527.0,IS4013,"Thiết kế, quản lý và quản trị hệ CSDL","DBM design, management & administration",,HTTT,CN,,,,,3.0,0.0
528,528.0,IS402,Điện toán đám mây,Cloud computing,,HTTT,CĐTN,,,,"IT005
IT007",3.0,0.0
529,529.0,IS403,Phân tích dữ liệu kinh doanh,Data analysis in business,,HTTT,CN,,,,"MA005
IT004",3.0,0.0
530,530.0,IS404,Kho dữ liệu và OLAP,Data Warehouse and OLAP,,HTTT,CĐTN,IS304,IS217,,,3.0,1.0
531,531.0,IS405,Dữ liệu lớn,Big data,,HTTT,CĐTN,,,,IT004,3.0,1.0
532,532.0,IS4133,Công nghệ thông tin cho thương mại điện tử,Information Technologies for e-commerce,,HTTT,CN,,,,,3.0,0.0
533,533.0,IS4263,Các ứng dụng thông minh và hỗ trợ ra quyết định,Decision Support and Busi.Intelligence Applications,,HTTT,CN,,,,,3.0,0.0
534,534.0,IS4523,Hệ truyền thông dữ liệu,Data Communication Systems,,HTTT,CN,,,,,3.0,0.0
535,535.0,IS501,Thực tập cuối khóa,Internship,,HTTT,TTTN,,IS212,,,3.0,0.0
536,536.0,IS502,Thực tập doanh nghiệp,Internship,,HTTT,TTTN,,,,,2.0,0.0
537,537.0,IS505,Khóa luận tốt nghiệp,Thesis,,HTTT,KLTN,IS401,IS401,,,10.0,0.0
538,538.0,IS5100,Thực tập cuối khóa,Internship,,HTTT,TT,,,,,4.0,0.0
539,539.0,IT001,Nhập môn lập trình,Introduction to programming,,KHMT,ĐC,,IT011,,,3.0,1.0
540,540.0,IT002,Lập trình hướng đối tượng,Object-oriented programming,,CNPM,CSNN,OOPT1,,,IT001,3.0,1.0
541,541.0,IT003,Cấu trúc dữ liệu và giải thuật,Data structures and algorithms,,KHMT,CSNN,DSAL1,IT013,,IT001,3.0,1.0
542,542.0,IT004,Cơ sở dữ liệu,Databases,,HTTT,CSNN,,,,,3.0,1.0
543,543.0,IT005,Nhập môn mạng máy tính,Introduction to computer networks,,MMT&TT,CSNN,,,,,3.0,1.0
544,544.0,IT006,Kiến trúc máy tính,Computer architecture,,KTMT,CSNN,,"IT010
IT012",,"PH002
IT001",3.0,0.0
545,545.0,IT007,Hệ điều hành,Operating systems,,KTMT,CSNN,OSYS1,,,IT006,3.0,1.0
546,546.0,IT008,Lập trình trực quan,Visual programming,,CNPM,CN,,WINP1,,"IT001
IT002",3.0,1.0
547,547.0,IT009,Giới thiệu ngành,Introduction to IT disciplines,,PĐTĐH,CSNN,,"CS005
IE005
IS005
SE005
CE005
NT005
NT015
EC005
DS005",,,2.0,0.0
548,548.0,IT010,Tổ chức và cấu trúc máy tính,Computer Organization and Architecture,,KTMT,CSN,,IT006,,,2.0,0.0
549,549.0,IT011,Nhập môn lập trình thi đấu,Introduction to Competitive Programming,,KHMT,ĐC,,IT001,,,3.0,1.0
550,550.0,IT012,Tổ chức và Cấu trúc Máy tính II,Computer Structure and Organization II,,KTMT,CSNN,,PH002,,,3.0,1.0
551,551.0,IT013,Cấu trúc dữ liệu cho lập trình thi đấu,Data structures and Algorithms for Competitive Programming,,KHMT,ĐC,,IT003,,,3.0,1.0
552,552.0,ITEM1,Nhập môn Quản trị doanh nghiệp,Initiation to Business Administration,,PĐTĐH,ĐC,,SE349,,,2.0,0.0
553,553.0,ITEW1,Nhập môn công tác kỹ sư,Introduction to Tasks of an Engineer,,TTNN,ĐC,,"IT009
SS004",,,2.0,0.0
554,554.0,ITNT005,Communication,Communication,,HTTT,BT,,,,,0.0,0.0
555,555.0,JAN01,Tiếng Nhật 1,Japanese 01,,PĐTĐH,NN,,,,,2.0,3.0
556,556.0,JAN02,Tiếng Nhật 2,Japanese 02,,PĐTĐH,NN,,,JAN01,,2.0,3.0
557,557.0,JAN03,Tiếng Nhật 3,Japanese 03,,PĐTĐH,NN,,,JAN02,,2.0,3.0
558,558.0,JAN04,Tiếng Nhật 4,Japanese 04,,PĐTĐH,NN,,,JAN03,,2.0,3.0
559,559.0,JAN05,Tiếng Nhật 5,Japanese 05,,PĐTĐH,NN,,,JAN04,,2.0,3.0
560,560.0,JAN06,Tiếng Nhật 6,Japanese 06,,PĐTĐH,NN,,,JAN05,,1.0,2.0
561,561.0,JAN07,Tiếng Nhật 7,Japanese 07,,PĐTĐH,NN,,,JAN06,,1.0,2.0
562,562.0,JAN08,Tiếng Nhật 8,Japanese 08,,PĐTĐH,NN,,,JAN07,,1.0,2.0
563,563.0,LIA01,Đại số tuyến tính,Linear Algebra,,BMTL,ĐC,,MA003,,,3.0,0.0
564,564.0,LIA11,Đại số tuyến tính,Linear Algebra,,BMTL,ĐC,,,,,3.0,0.0
565,565.0,MA001,Giải tích 1,Calculus 1,,BMTL,ĐC,,MA006,,,3.0,0.0
566,566.0,MA002,Giải tích 2,Calculus 2,,BMTL,ĐC,,MA006,,MA001,3.0,0.0
567,567.0,MA003,Đại số tuyến tính,Linear algebra,,BMTL,ĐC,,,,,3.0,0.0
568,568.0,MA004,Cấu trúc rời rạc,Discrete structures,,BMTL,ĐC,,,,,4.0,0.0
569,569.0,MA005,Xác suất thống kê,Probability and statistics,,BMTL,ĐC,,,,MA006,3.0,0.0
570,570.0,MA006,Giải tích,Calculus,,BMTL,ĐC,,,,,4.0,0.0
571,571.0,MAT01,Toán cao cấp A1,Advanced mathematics A1,,BMTL,ĐC,,MA001,,,3.0,0.0
572,572.0,MAT02,Toán cao cấp A2,Advanced mathematics A2,,BMTL,ĐC,,MA002,,,4.0,0.0
573,573.0,MAT04,Cấu trúc rời rạc,Discrete Structures,,BMTL,ĐC,,MA004,,,4.0,0.0
574,574.0,MAT11,Giải tích 1,Calculus 1,,BMTL,ĐC,,,,,4.0,0.0
575,575.0,MAT12,Giải tích 2,Calculus 2,,BMTL,ĐC,,,,,3.0,0.0
576,576.0,MAT14,Toán rời rạc cho máy tính,Discrete mathematics for computer,,BMTL,ĐC,,,,,3.0,0.0
577,577.0,MAT21,Toán cao cấp A1 (TE),Advanced Mathematics A1,,BMTL,ĐC,,"MA001
MAT01",,,4.0,0.0
578,578.0,MAT22,Toán cao cấp A2 (TE),Advanced Mathematics A2,,BMTL,ĐC,,"MA002
MAT02",,,4.0,0.0
579,579.0,MAT23,Đại số tuyến tính,Linear Algebra,,BMTL,ĐC,,LIA01,,,4.0,0.0
580,580.0,MAT24,Cấu trúc rời rạc (TE),Discrete structures,,BMTL,ĐC,,,,,4.0,0.0
581,581.0,MATH2144,Giải tích I,Calculus I,,HTTT,ĐC,,,,,4.0,0.0
582,582.0,MATH2153,Giải tích II,Calculus 2,,HTTT,ĐC,MAT12,,,MATH2144,3.0,0.0
583,583.0,MATH3013,Đại số tuyến tính,Linear Algebra,,HTTT,ĐC,,,,,3.0,0.0
584,584.0,ME001,Giáo dục quốc phòng,Military education,,P.ĐTĐH,ĐC,MEDU1,,,,0.0,0.0
585,585.0,MEDU1,Giáo dục quốc phòng,Military Education,,GDQP,QP,,ME001,,,0.0,0.0
586,586.0,MKTG4223,Quản trị chuỗi cung ứng,Supply Chain Management,,HTTT,CN,,,,,3.0,0.0
587,587.0,MKTG5883,Khai phá dữ liệu và ứng dụng,Advanced Data Mining Applications,,HTTT,CN,,,,CS5423,3.0,1.0
588,588.0,MLPE1,Kinh tế chính trị Mác-Lênin (TE),Marxism–Leninism political economy,,P.ĐTĐH,ĐC,,MLPE2,,,5.0,0.0
589,589.0,MLPE2,Kinh tế chính trị Mác-Lênin (TE1),Marxism–Leninism political economy,,P.ĐTĐH,ĐC,,,,,4.0,0.0
590,590.0,MSIS207,Phát triển ứng dụng web,Web Applications Development,,HTTT,CN,,,,"CS5423
CS2133",3.0,1.0
591,591.0,MSIS2433,Lập trình hướng đối tượng,Object Oriented Programming,,HTTT,CSN,,,,CS2133,3.0,0.0
592,592.0,MSIS3033,Quản lý dự án hệ thống thông tin,Information systems project management,,HTTT,CSN,,,,,3.0,0.0
593,593.0,MSIS3233,Management Science Methods,Management Science Methods,,HTTT,CN,,,,MATH2153,3.0,0.0
594,594.0,MSIS3242,Sofware Quality Management,Sofware Quality Management,,HTTT,CN,,,,,3.0,0.0
595,595.0,MSIS3243,Managerial Decision Theory,Managerial Decision Theory,,HTTT,CN,,,,MATH2153,3.0,0.0
596,596.0,MSIS3303,Phân tích thiết kế hệ thống,System analysis and design,,HTTT,CN,IS3303,,,CS5423,3.0,1.0
597,597.0,MSIS4013,"Thiết kế, quản lý và quản trị hệ CSDL","Database system design, management and administration",,HTTT,CN,,,,CS5423,3.0,0.0
598,598.0,MSIS402,Điện toán đám mây,Cloud Computing,,HTTT,CN,,,,,3.0,0.0
599,599.0,MSIS405,Dữ liệu lớn,Big data,,HTTT,CN,,,,,3.0,0.0
600,600.0,MSIS4133,Công nghệ thông tin trong thương mại điện tử,Information Technologies for e-commerce,,HTTT,CN,,,,,3.0,0.0
601,601.0,MSIS4243,Control and Audit of Information Systems,Control and Audit of Information Systems,,HTTT,CN,,,,,3.0,0.0
602,602.0,MSIS4263,Các ứng dụng thông minh và hỗ trợ ra quyết định,Decision-support and intelligence applications,,HTTT,CN,IS4263,,,MSIS4013,3.0,0.0
603,603.0,MSIS4363,Các chủ đề nâng cao trong phát triển hệ thống,Advanced topics in systems development,,HTTT,CNTC,,,,,3.0,0.0
604,604.0,MSIS4443,Các hệ thống mô phỏng trên máy tính,Computer based simulation systems,,HTTT,CN,,,,,3.0,0.0
605,605.0,MSIS4523,Hệ truyền thông dữ liệu,Data communication systems,,HTTT,CN,IS4523,ACCT5123,,,3.0,0.0
606,606.0,MSIS4800,Hệ thống thông tin tính toán,Accounting information system,,HTTT,CNTC,,,,,3.0,0.0
607,607.0,MSIS4801,Quản lý thông tin địa lý,Geospatial information management,,HTTT,CNTC,IS4801,,,,3.0,1.0
608,608.0,NHJP1,Tiếng Nhật Sơ cấp 1,Japanese for beginners 1,,PĐTĐH,BT,,,,,0.0,0.0
609,609.0,NHJP2,Tiếng Nhật Sơ cấp 2,Japanese for beginners 2,,PĐTĐH,BT,,,,,0.0,0.0
610,610.0,NT005,Giới thiệu ngành Mạng máy tính và Truyền thông dữ liệu,Introduction to IT programs Computer Networks and Data communications,,MMT&TT,ĐC,,"CS005
IE005
IS005
SE005
CE005
NT015
EC005
DS005
AI001",,,1.0,0.0
611,611.0,NT015,Giới thiệu ngành An toàn Thông tin,Introduction to Information Security programs,,MMT&TT,ĐC,,"CS005
IE005
IS005
SE005
CE005
NT005
EC005
DS005
AI001",,,1.0,0.0
612,612.0,NT101,An toàn mạng máy tính,Network security,,MMT&TT,CSN,,,,IT005,3.0,1.0
613,613.0,NT102,Điện tử cho công nghệ thông tin,Electronics for information technology,,MMT&TT,CSN,,PH002,,,3.0,1.0
614,614.0,NT103,Hệ điều hành Linux,Linux operating systems,,MMT&TT,CNTC,NT309,NT131,,,3.0,1.0
615,615.0,NT104,Lý thuyết thông tin,Information theory,,MMT&TT,CSN,,,,IT001,3.0,0.0
616,616.0,NT105,Truyền dữ liệu,Data communications,,MMT&TT,CSN,,,,IT005,3.0,1.0
617,617.0,NT106,Lập trình mạng căn bản,Basic network programming,,MMT&TT,CSN,,,,"IT005
IT001",2.0,1.0
618,618.0,NT107,Xử lý tín hiệu trong truyển thông,Signal Processing for Communications,,MMT&TT,CN,,NT332,,,3.0,1.0
619,619.0,NT108,Mạng truyền thông và di động,Communication and mobile networks,,MMT&TT,CN,,NT132,,,3.0,0.0
620,620.0,NT109,Lập trình ứng dụng mạng,Network-application programming,,MMT&TT,CSN,,,,"IT004
NT106",2.0,1.0
621,621.0,NT110,Tín hiệu và mạch,Signals and circuits,,MMT&TT,CN,,PH001,,IT002,3.0,0.0
622,622.0,NT111,Thiết bị mạng và truyền thông ĐPT,Network appliances and multimedia communications,,MMT&TT,CNTC,,,,IT005,3.0,1.0
623,623.0,NT112,Công nghệ mạng viễn thông,Communications technology,,MMT&TT,CN,,NT402,,IT005,2.0,1.0
624,624.0,NT113,Thiết kế Mạng,Network design,,MMT&TT,CSN,,,,NT132,2.0,1.0
625,625.0,NT114,Đồ án chuyên ngành,Specialized project,,MMT&TT,ĐA,,,,,0.0,2.0
626,626.0,NT115,Thực tập doanh nghiệp,Internship,,MMT&TT,TTTN,,NT215,,,3.0,0.0
627,627.0,NT116,Kỹ năng mềm,Soft skills,,MMT&TT,CN,,SS004,,,0.0,2.0
628,628.0,NT117,Đồ án môn học Lập trình ứng dụng Mạng,Network-based application programming project,,MMT&TT,ĐA,NT202,,,,0.0,2.0
629,629.0,NT118,Phát triển ứng dụng trên thiết bị di động,Mobile application development,,MMT&TT,CSN,NT305,,,IT002,2.0,1.0
630,630.0,NT119,Mật mã học,Cryptography,,MMT&TT,CSN,,NT219,,"MA001
MA002",3.0,1.0
631,631.0,NT121,Thiết bị mạng và truyền thông ĐPT,Network appliances and multimedia communications,,MMT&TT,CĐTN,,NT111,,,2.0,1.0
632,632.0,NT130,Cơ chế hoạt động của mã độc,Malware modus operandi,,MMT&TT,CSN,,NT230,,"IT007
NT101",3.0,1.0
633,633.0,NT131,Hệ thống nhúng Mạng không dây,Wireless Embedded Network Systems,,MMT&TT,CSN,,,,IT007,3.0,1.0
634,634.0,NT132,Quản trị mạng và hệ thống,Networks and Systems Administration,,MMT&TT,CSN,,,,IT005,3.0,1.0
635,635.0,NT133,An toàn kiến trúc hệ thống,System Architecture Security,,MMT&TT,CN,,,,"IT006
IT007",2.0,1.0
636,636.0,NT137,Kỹ thuật phân tích mã độc,Malware analysis techniques,,MMT&TT,CN,,,,,2.0,1.0
637,637.0,NT201,Phân tích thiết kế hệ thống truyền thông và mạng,System analysis and design,,MMT&TT,CNTC,,NT532,,,3.0,0.0
638,638.0,NT202,Đồ án môn Lập trình ứng dụng mạng,Project on Nerwork-Application Programming,,MMT&TT,ĐA,,NT117,,,0.0,2.0
639,639.0,NT203,Đồ án chuyên ngành,Specialized Project,,MMT&TT,ĐA,,NT114,,,0.0,2.0
640,640.0,NT204,"Hệ thống tìm kiếm, phát hiện và ngăn ngừa xâm nhập",Intrusion detection and prevention system,,MMT&TT,CN,NT321,,,,2.0,1.0
641,641.0,NT205,Tấn công mạng,Network offences,,MMT&TT,CNTC,,,,NT101,2.0,1.0
642,642.0,NT206,Quản trị hệ thống mạng,Computer network administration,,MMT&TT,CN,"NT301,NT006",NT531,,IT005,2.0,1.0
643,643.0,NT207,Quản lý rủi ro và an toàn thông tin trong doanh nghiệp,Risk management and information security in enterprise,,MMT&TT,CN,,,,NT101,2.0,1.0
644,644.0,NT208,Lập trình ứng dụng Web,Web-Based Application Development,,MMT&TT,CNTC,,"NT507
NT307
NT533",,NT106,2.0,1.0
645,645.0,NT209,Lập trình hệ thống,Computer System programming,,MMT&TT,CSN,,,,"IT006
IT001",2.0,1.0
646,646.0,NT210,Thương mại Điện tử và Triển khai ứng dụng,E-commerce and applications,,MMT&TT,CĐTN,NT502,,,"IT005
NT106",2.0,1.0
647,647.0,NT211,"An ninh nhân sự, định danh và chứng thực","Identification, authentication and privacy security (personal information protection)",,MMT&TT,CNTC,,,,,2.0,1.0
648,648.0,NT212,"An toàn dữ liệu, khôi phục thông tin sau sự cố",Data integrity and disaster recovery,,MMT&TT,CNTC,,,,"NT101
IT004",2.0,1.0
649,649.0,NT213,Bảo mật web và ứng dụng,Web and application security,,MMT&TT,CN,,,,NT208,2.0,1.0
650,650.0,NT215,Thực tập doanh nghiệp,Internship,,MMT&TT,TTTN,,,,,2.0,0.0
651,651.0,NT216,Bảo mật hệ thống dữ liệu,Data System Security,,MMT&TT,CNTC,,,,,2.0,1.0
652,652.0,NT219,Mật mã học,Cryptography,,MMT&TT,CN,,NT119,,,2.0,1.0
653,653.0,NT230,Cơ chế hoạt động của mã độc,Malware modus operandi,,MMT&TT,CSN,,NT130,,"IT007
NT101",2.0,1.0
654,654.0,NT301,Quản trị hệ thống mạng,Computer network administration,,MMT&TT,CN,,"NT206
NT531",,,2.0,1.0
655,655.0,NT302,Xây dựng chuẩn chính sách an toàn thông tin trong doanh nghiệp,Enterprise information security policy,,MMT&TT,CN,,NT331,,,2.0,1.0
656,656.0,NT303,Công nghệ thoại IP,VoIP technology,,MMT&TT,CN,,NT536,,NT105,2.0,1.0
657,657.0,NT304,Ứng dụng truyền thông và an ninh thông tin,Applications of communications and information security,,MMT&TT,CN,,,,,2.0,1.0
658,658.0,NT305,Phát triển ứng dụng trên thiết bị di động,Mobile Application Development,,MMT&TT,CN,,NT118,,,2.0,1.0
659,659.0,NT306,Kỹ thuật lập trình mạng trên Linux,Network programming techniques on Linux,,MMT&TT,CN,,,,,3.0,0.0
660,660.0,NT307,Xây dựng ứng dụng web,Web application development,,MMT&TT,CN,,"NT208
NT533",,,2.0,1.0
661,661.0,NT309,Lập trình trên Linux,Programming on Linux,,MMT&TT,CN,,,,,2.0,1.0
662,662.0,NT310,Pháp chứng mạng di động,Digital forensics,,MMT&TT,CNTC,,,,NT101,2.0,1.0
663,663.0,NT311,Công nghệ tường lửa và bảo vệ mạng ngoại vi,Firewall technology and perimeter protection,,MMT&TT,CNTC,,,,NT101,2.0,1.0
664,664.0,NT312,Bảo mật với smartcard và NFC,Smart card and NFC security,,MMT&TT,CNTC,,,,NT101,2.0,1.0
665,665.0,NT320,Công nghệ vệ tinh,Satelite technology,,MMT&TT,CN,,,,,3.0,0.0
666,666.0,NT321,"Hệ thống tìm kiếm, phát hiện và ngăn ngừa xâm nhập",Intrusion Detection and Prevention System,,MMT&TT,CN,,NT204,,,2.0,1.0
667,667.0,NT330,An toàn mạng không dây và di động,Wireless network and mobile security,,MMT&TT,CN,,NT108,,NT101,2.0,1.0
668,668.0,NT331,Xây dựng chuẩn chính sách an toàn thông tin trong doanh nghiệp,Enterprise information security policy,,MMT&TT,CN,NT302,,,"IT005
NT101",2.0,1.0
669,669.0,NT332,Xử lý tín hiệu trong truyền thông,Signal processing in communications,,MMT&TT,CĐTN,NT107,,,IT005,3.0,1.0
670,670.0,NT333,Tính toán lưới,Net computing,,MMT&TT,CNTC,NT403,,,"IT005
NT106",2.0,1.0
671,671.0,NT334,Pháp chứng kỹ thuật số,Digital forensics,,MMT&TT,CN,,,,"NT101
NT230",2.0,1.0
672,672.0,NT395,Phát triển ứng dụng trên thiết bị di động,Mobile application development,,MMT&TT,CN,,,,,2.0,1.0
673,673.0,NT401,An toàn mạng nâng cao,Advanced network security,,MMT&TT,CN,,,,,2.0,1.0
674,674.0,NT402,Công nghệ mạng viễn thông,Communications technology,,MMT&TT,CN,NT112,NT404,,NT105,2.0,1.0
675,675.0,NT403,Tính toán lưới,Net Computing,,MMT&TT,CN,,NT333,,,2.0,1.0
676,676.0,NT404,Khóa luận tốt nghiệp,Thesis,,MMT&TT,KLTN,,,,,10.0,0.0
677,677.0,NT405,Bảo mật Internet,Cyber Security,,MMT&TT,CĐTN,NT503,,,"NT101
IT005",2.0,1.0
678,678.0,NT406,Đồ án tốt nghiệp,Graduation Project,,MMT&TT,CĐTN,NT504,,,,4.0,0.0
679,679.0,NT407,Pháp chứng kỹ thuật số,Digital Forensics,,MMT&TT,CN,,NT334,,,2.0,1.0
680,680.0,NT408,Bảo mật trên Internet,Cyber security,,MMT&TT,CN,,,,,3.0,1.0
681,681.0,NT501,Thực tập doanh nghiệp,Internship,,MMT&TT,TTTN,,NT115,,,3.0,0.0
682,682.0,NT502,Thương mại Điện tử và Triển khai ứng dụng,E-commerce and applications,,MMT&TT,CĐTN,,NT210,,"IT005
NT101
NT109",2.0,1.0
683,683.0,NT503,Bảo mật Internet,Cyber security,,MMT&TT,CĐTN,,NT405,,"IT005
NT101",2.0,1.0
684,684.0,NT504,Tiểu luận tốt nghiệp,Graduation project,,MMT&TT,CĐTN,NT406,NT406,,"NT114
NT117",4.0,0.0
685,685.0,NT505,Khóa luận tốt nghiệp,Thesis,,MMT&TT,KLTN,,,,,10.0,0.0
686,686.0,NT507,Xây dựng ứng dụng web,Web application development,,MMT&TT,CĐTN,,NT208,,,2.0,1.0
687,687.0,NT509,Hệ thống đa tác tử di động thông minh,Intelligent mobile multi-agent systems,,MMT&TT,CĐTN,,,,,2.0,1.0
688,688.0,NT521,Lập trình an toàn và khai thác lỗ hổng phần mềm,Secure Programming and Exploiting Vulnerabilities,,MMT&TT,CNTC,,,,"IT002
NT209",3.0,1.0
689,689.0,NT522,Phương pháp học máy trong an toàn thông tin,Machine learning for information security,,MMT&TT,CNTC,,,,,2.0,1.0
690,690.0,NT523,An toàn thông tin trong kỷ nguyên máy tính lượng tử,Cyber Security in the Quantum Era,,MMT&TT,CNTC,,,,MA003,2.0,1.0
691,691.0,NT531,Đánh giá hiệu năng hệ thống mạng máy tính,Modeling and performance evaluation of network and computer systems,,MMT&TT,CN,,,,NT132,2.0,1.0
692,692.0,NT532,Công nghệ Internet of things hiện đại,Advanced Internet of Things Technologies,,MMT&TT,CNTC,,,,NT131,2.0,1.0
693,693.0,NT533,Hệ tính toán phân bố,Distributed computing system,,MMT&TT,CN,,,,IT005,2.0,1.0
694,694.0,NT534,An toàn mạng máy tính nâng cao,Advanced security network,,MMT&TT,CSN,,,,NT101,2.0,1.0
695,695.0,NT535,Bảo mật Internet of things,Security and Privacy in Internet of Things,,MMT&TT,CNTC,,,,NT101,2.0,1.0
696,696.0,NT536,Công nghệ truyền thông đa phương tiện,Multimedia Communication Technologies,,MMT&TT,CN,,,,,2.0,1.0
697,697.0,NT537,Truyền thông xã hội và kinh doanh,Social Media and Business Practices,,MMT&TT,CN,,,,,3.0,0.0
698,698.0,NT538,Giải thuật xử lý song song và phân bố,Algorithms in parallel and distributed computing,,MMT&TT,CN,,,,IT005,2.0,1.0
699,699.0,NT539,AI ứng dụng trong mạng và truyền thông,Artificial Intelligence for Networking and Communications,,MMT&TT,TN,,,,IT005,3.0,1.0
700,700.0,NT540,Mạng không dây thế hệ mới,Next-generation wireless networks,,MMT&TT,CN,,,,NT105,2.0,1.0
701,701.0,NT541,Công nghệ mạng khả lập trình,Reprogramming network technologies,,MMT&TT,CN,,,,,3.0,1.0
702,702.0,NT542,Lập trình kịch bản tự động hóa cho quản trị và bảo mật mạng,"Scripting for Administration, Automation and Security",,MMT&TT,CN,,,,NT132,2.0,1.0
703,703.0,NT543,Tín hiệu và hệ thống thông tin,Signal and Communication System,,MMT&TT,CN,,,,NT105,2.0,1.0
704,704.0,NT544,Ăng ten và truyền thông vô tuyến,Antena and telecommunication,,MMT&TT,CN,,,,NT105,3.0,1.0
705,705.0,NT545,Thiết kế hệ thống viễn thông,Fundamental techniques in Telecomunication System Design,,MMT&TT,CN,,,,NT402,2.0,1.0
706,706.0,NT546,Thiết kế và triển khai mạng tốc độ cao,Design and implementation high-speed networks,,MMT&TT,CN,,,,NT113,2.0,1.0
707,707.0,OOPT1,Lập trình hướng đối tượng,Object-Oriented Programming,,CNPM,ĐC,,IT002,,,3.0,1.0
708,708.0,OOPT2,Lập trình hướng đối tượng,Object-oriented programming,,CNPM,CSNN,,,,,4.0,1.0
709,709.0,OSYS1,Hệ điều hành,Operating Systems,,MMT&TT,ĐC,,IT007,,,3.0,0.0
710,710.0,OSYS2,Hệ điều hành,Operating systems,,MMT&TT,ĐC,,IT007,,,3.0,0.0
711,711.0,PE001,Giáo dục thể chất 1,Physical education 1,,PĐTĐH,TC,PEDU1,PE012,,,0.0,0.0
712,712.0,PE002,Giáo dục thể chất 2,Physical education 2,,PĐTĐH,TC,PEDU2,PE012,,,0.0,0.0
713,713.0,PE003,Giáo dục thể chất 3,Physical education 3,,TTNN,TC,,,,,0.0,0.0
714,714.0,PE012,Giáo dục thể chất,Physical education,,PĐTĐH,TC,,,,,0.0,0.0
715,715.0,PEDU1,Giáo dục thể chất 1,Physical Education 1,,GDTC,TC,,PE001,,,0.0,0.0
716,716.0,PEDU2,Giáo dục thể chất 2,Physical Education 2,,PĐTĐH,TC,,PE002,,,0.0,0.0
717,717.0,PH001,Nhập môn điện tử,Introduction to electrical engineering,,BMTL,ĐC,,,,,3.0,0.0
718,718.0,PH002,Nhập môn mạch số,Introduction to digital circuit,,KTMT,ĐC,,"CE102
NT102",,,3.0,1.0
719,719.0,PH003,Vật lý kỹ thuật,Technical physics,,BMTL,ĐC,,"PHY02
PH002",,,4.0,0.0
720,720.0,PHIL1,Những NLCB của chủ nghĩa Mác-Lênin,Fundamental Principles of Marxism-Leninism,,BMAV,ĐC,,SS001,,,5.0,0.0
721,721.0,PHIL2,Triết học Mác-Lênin,Marxist-Leninist philosophy,,P.ĐTĐH,ĐC,,,,,5.0,0.0
722,722.0,PHY01,Vật lý đại cương A1,General physics A1,,BMTL,ĐC,,PH001,,,3.0,0.0
723,723.0,PHY02,Vật lý đại cương A2,General physics A2,,BMTL,ĐC,,PH002,,,3.0,0.0
724,724.0,PHY03,Vật lý đại cương A3,General physics A3,,BMTL,ĐC,,,,,2.0,0.0
725,725.0,PHY11,General Physics 1,General Physics 1,,BMTL,ĐC,,,,,4.0,0.0
726,726.0,PHY12,General Physics 2,General Physics 2,,BMTL,ĐC,,,,,4.0,0.0
727,727.0,PHY22,Vật lý đại cương A2 (TE1),General physics A2,,BMTL,ĐC,,,,,4.0,0.0
728,728.0,PHYS1114,Vật lý đại cương I,General physics 1,,HTTT,ĐC,,,,,4.0,0.0
729,729.0,PHYS1214,Vật lý đại cương II,General physics 2,,HTTT,ĐC,PHY12,,,PHYS1114,4.0,0.0
730,730.0,SC203,Phương pháp khoa học,Scientific research methodology,,HTTT,CNTC,,,,,3.0,0.0
731,731.0,SE005,Giới thiệu ngành Kỹ thuật Phần mềm,Introduction to Software Engineering,,CNPM,ĐC,,"CS005
IE005
IS005
CE005
NT005
NT015
EC005
DS005
AI001",,,1.0,0.0
732,732.0,SE100,Phương pháp Phát triển phần mềm hướng đối tượng,Object-oriented software development methodology,,CNPM,CSN,,,,"SE104
IT008",3.0,1.0
733,733.0,SE101,Phương pháp mô hình hóa,Modeling methods,,CNPM,CSN,,,,"IT001
IT002
IT003",3.0,0.0
734,734.0,SE102,Nhập môn phát triển game,Introduction to game development,,CNPM,CSN,,,,IT001,2.0,1.0
735,735.0,SE103,Các phương pháp lập trình,Programming Paradigms,,CNPM,CN,,SE334,,,2.0,1.0
736,736.0,SE104,Nhập môn Công nghệ phần mềm,Software engineering,,CNPM,CSN,,,,"IT002
IT004",3.0,1.0
737,737.0,SE105,Lập trình nhúng căn bản,Embedded-system Programming,,CNPM,CN,,CE211,,,2.0,1.0
738,738.0,SE106,Đặc tả hình thức,Formal specification,,CNPM,CSN,,,,"IT001
IT003
SE104
IT002",4.0,0.0
739,739.0,SE107,Phân tích thiết kế hệ thống,System analysis and design,,CNPM,CN,SE207,IS201,,"IT002
IT004
SE104",3.0,1.0
740,740.0,SE108,Kiểm chứng phần mềm,Software testing,,CNPM,CSN,,SE113,,"IT001
SE104",2.0,1.0
741,741.0,SE109,"Phát triển, vận hành, bảo trì phần mềm","Software development, deployment and maintenance",,CNPM,CSN,SE209,,SE104,,3.0,0.0
742,742.0,SE110,Phương pháp Phát triển phần mềm hướng đối tượng,Phương pháp Phát triển phần mềm hướng đối tượng,,CNPM,CN,,,,,3.0,1.0
743,743.0,SE111,Đồ án mã nguồn mở,Open source project,,CNPM,CSN,SE417,SE121,,"IT001
IT002
IT003
IT004
SE104",2.0,0.0
744,744.0,SE112,Đồ án chuyên ngành,Specialized project,,CNPM,CSN,SE418,SE122,,"IT002
IT003
IT004
SE104",2.0,0.0
745,745.0,SE113,Kiểm chứng phần mềm,Software Testing,,CNPM,CNTC,,,,SE104,3.0,1.0
746,746.0,SE114,Nhập môn ứng dụng di động,Mobile Application Overview,,CNPM,CSN,,,,"IT001
IT002",2.0,1.0
747,747.0,SE121,Đồ án 1,Major Project 1,,CNPM,CSN,,,,SE104,2.0,0.0
748,748.0,SE122,Đồ án 2,Major Project 2,,CNPM,CSN,,,SE121,,2.0,0.0
749,749.0,SE207,Phân tích thiết kế hệ thống,System Analysis and Design,,CNPM,CN,,SE107,,,3.0,1.0
750,750.0,SE208,Kiểm chứng phần mềm,Software Testing,,CNPM,CN,,SE108,,,2.0,1.0
751,751.0,SE209,"Phát triển, vận hành, bảo trì phần mềm","Software Development, Deployment and Maintenance",,CNPM,CN,,SE109,,,3.0,0.0
752,752.0,SE210,Quản lý dự án công nghệ thông tin,Information-Technology Project Management,,CNPM,CN,,IS208,,,3.0,1.0
753,753.0,SE211,Phát triển phần mềm hướng đối tượng,Object-oriented Software Development Methodology,,CNPM,CN,,SE100,,,3.0,1.0
754,754.0,SE212,Phát triển phần mềm mã nguồn mở,Open-source Software Development,,CNPM,CN,,SE331,,,2.0,1.0
755,755.0,SE213,Xử lý phân bố,Distributed Computing,,CNPM,CN,,SE339,,,2.0,1.0
756,756.0,SE214,Công nghệ phần mềm chuyên sâu,Advanced software engineering,,CNPM,CN,,,,"SE104
IT001
IT003",3.0,1.0
757,757.0,SE215,Giao tiếp người máy,Human-computer interaction,,CNPM,CN,,,,SE104,3.0,1.0
758,758.0,SE220,Thiết kế Game,Introduction to game design,,CNPM,CN,SE323,,,SE102,3.0,0.0
759,759.0,SE221,Lập trình game nâng cao,Advanced game programming,,CNPM,CN,,,,SE102,3.0,1.0
760,760.0,SE301,Phát triển phần mềm mã nguồn mở,Open-source software development,,CNPM,CN,SE212,,,"IT003
IT004
IT002
SE104
SE109
IT001",3.0,0.0
761,761.0,SE310,Công nghệ .NET,.Net technology,,CNPM,CNTC,SE312,,,,3.0,1.0
762,762.0,SE311,Ngôn ngữ lập trình Java,Java Programming Language,,CNPM,CN,,SE330,,,3.0,1.0
763,763.0,SE312,Công nghệ .NET,.Net Technology,,CNPM,CN,,SE310,,"IT004
SE104
SE347",3.0,1.0
764,764.0,SE313,Một số thuật toán thông minh,Intelligent algorithms,,CNPM,CNTC,SE337,,,"IT002
IT003
IT001",2.0,0.0
765,765.0,SE320,Lập trình đồ họa 3 chiều với Direct3D,3D programming with Direct3D,,CNPM,CNTC,,,,SE102,3.0,1.0
766,766.0,SE321,Lập trình trên thiết bị di động,Mobile Device Application Development,,CNPM,CN,,SE346,,,4.0,0.0
767,767.0,SE322,Công nghệ Web và ứng dụng,Web Technology and Applications,,CNPM,CN,,SE341,,,2.0,0.0
768,768.0,SE323,Thiết kế Game,Introduction to game design,,CNPM,CN,,SE220,,,4.0,0.0
769,769.0,SE324,Nhập môn lập trình 3D game,3D game engine design,,CNPM,CN,,,,,3.0,1.0
770,770.0,SE325,Chuyên đề J2EE,J2EE,,CNPM,CNTC,,,,"IT002
IT003
IT004
SE330",3.0,1.0
771,771.0,SE326,Cơ sở dữ liệu nâng cao,Advanced Databases,,CNPM,CN,,IS337,,,2.0,0.0
772,772.0,SE327,Phát triển và vận hành game,Games development,,CNPM,CNTC,,,,SE102,3.0,0.0
773,773.0,SE328,Lập trình TTNT trong Game,Artificial intelligence on game programming,,CNPM,CNTC,SE334,,,"IT002
IT003
SE102",3.0,1.0
774,774.0,SE329,Thiết kế 3D Game Engine,3D game engine design,,CNPM,CNTC,,,,SE102,3.0,1.0
775,775.0,SE330,Ngôn ngữ lập trình Java,Java programming language,,CNPM,CSN,SE311,,,"IT001
IT002",3.0,1.0
776,776.0,SE331,Chuyên đề E-commerce,E-commerce,,CNPM,CNTC,SE331,,,"IT004
SE104
SE347",2.0,0.0
777,777.0,SE332,Chuyên đề CSDL nâng cao,Advanced database,,CNPM,CN,SE326,,,IT004,2.0,0.0
778,778.0,SE333,Chuyên đề E-Government,E-Government,,CNPM,CN,,SE404,,,2.0,0.0
779,779.0,SE334,Các phương pháp lập trình,Programming paradigms,,CNPM,CN,SE103,,,IT001,2.0,1.0
780,780.0,SE335,Công nghệ XML và ứng dụng,XML technology and applications,,CNPM,CN,,,,,3.0,1.0
781,781.0,SE336,Phương pháp luận sáng tạo KH-CN,Scientific methodology and innovation,,CNPM,CN,,CS519,,,2.0,0.0
782,782.0,SE337,Các thuật toán thông minh,Intelligent Algorithms,,CNPM,CN,,SE313,,,1.0,0.0
783,783.0,SE338,Logic mờ,Fuzzy logic,,CNPM,CN,SE342,CS405,,,2.0,0.0
784,784.0,SE339,Xử lý phân bổ,Distributed computing,,CNPM,CN,,,,,2.0,1.0
785,785.0,SE340,Quản lý dự án công nghệ thông tin,Information-technology project management,,CNPM,CN,SE210,IS208,,IT001,3.0,1.0
786,786.0,SE341,Công nghệ Web và ứng dụng,Web technology and applications,,CNPM,CN,,,,"IT001
IT002
IT004",2.0,0.0
787,787.0,SE342,Logic mờ,Fuzzy logic,,CNPM,CN,,,,,2.0,0.0
788,788.0,SE343,Công nghệ Portal,Portal technology,,CNPM,CNTC,SE343,,,SE347,3.0,0.0
789,789.0,SE344,Lập trình game trong các thiết bị di động,Mobile game programming,,CNPM,CNTC,SE344,,,"IT001
SE346",3.0,1.0
790,790.0,SE345,Kỹ thuật lập trình nhúng,Embedded programming techniques,,CNPM,CN,,,,,3.0,1.0
791,791.0,SE346,Lập trình trên thiết bị di động,Mobile device application development,,CNPM,CN,,,,"IT001
IT008",3.0,1.0
792,792.0,SE347,Công nghệ Web và ứng dụng,Web technology and applications,,CNPM,CNTC,,SE341,,"IT001
IT002
IT004",3.0,1.0
793,793.0,SE348,Chuyên đề M-commerce,M-commerce,,CNPM,ĐC,,,,SE331,2.0,0.0
794,794.0,SE349,Nhập môn Quản trị doanh nghiệp,Introduction to business administration,,CNPM,CN,ITEM1,IE202,,,2.0,0.0
795,795.0,SE350,Chuyên đề E-learning,E-learning,,CNPM,ĐC,,,,,2.0,0.0
796,796.0,SE351,Xử lý song song,Parallel processing,,CNPM,CN,,,,"IT001
IT002
IT003",3.0,1.0
797,797.0,SE352,Phát triển ứng dụng VR,VR App Development,,CNPM,CNTC,,,,SE102,2.0,1.0
798,798.0,SE354,Chuyên đề các quy trình phát triển phần mềm hiện đại,E-learning,,CNPM,CNTC,,,,,2.0,1.0
799,799.0,SE355,Máy học và các công cụ,,,CNPM,CN,,,,IT003,2.0,1.0
800,800.0,SE356,Kiến trúc Phần mềm,Kiến trúc Phần mềm,,CNPM,CNTC,,,,"SE104
SE100
SE357",3.0,1.0
801,801.0,SE357,Kỹ thuật phân tích yêu cầu,Requirement Engineering,,CNPM,CNTC,,,,SE104,2.0,1.0
802,802.0,SE358,Quản lý dự án Phát triển Phần mềm,Software development project management,,CNPM,CN,,,,SE104,3.0,1.0
803,803.0,SE400,Seminar các vấn đề hiện đại của CNPM,Seminar on modern software engineering,,CNPM,CĐTN,,,,"SE100
SE104",4.0,0.0
804,804.0,SE401,Mẫu thiết kế,Software design pattern,,CNPM,CĐTN,,,,SE100,3.0,0.0
805,805.0,SE402,Điện toán đám mây,Cloud computing,,CNPM,CĐTN,,IS402,,"IT005
IT008",2.0,0.0
806,806.0,SE403,Nguyên lý thiết kế thế giới ảo,Virtual-world design,,CNPM,CĐTN,,,,,4.0,0.0
807,807.0,SE404,Chuyên đề E-Government,E-government,,CNPM,CĐTN,SE333,,,,2.0,0.0
808,808.0,SE405,Chuyên đề Mobile and Pervasive Computing,Mobile pervasive computing,,CNPM,CĐTN,,,,SE114,3.0,0.0
809,809.0,SE417,Đồ án môn học mã nguồn mở,Open Source Project,,CNPM,ĐA,,SE111,,,2.0,0.0
810,810.0,SE418,Đồ án môn học chuyên ngành,Specialized Project,,CNPM,ĐA,,SE112,,,3.0,0.0
811,811.0,SE501,Thực tập tốt nghiệp,Internship,,CNPM,TTTN,,,,,2.0,0.0
812,812.0,SE505,Khóa luận tốt nghiệp,Thesis,,CNPM,KLTN,,,SE122,,10.0,0.0
813,813.0,SMET1,Phương pháp NCKH trong tin học,Scientific Research Methodology in Informatics,,PĐTĐH,ĐC,SMET1,"CS519
SS005",,,2.0,0.0
814,814.0,SMET2,Phương pháp luận sáng tạo KH-CN,Scientific Method and Innovation,,PĐTĐH,ĐC,SMET2,"CS519
SS005",,,2.0,0.0
815,815.0,SOCI1,Chủ nghĩa xã hội khoa học,Scientific socialism,,P.ĐTĐH,ĐC,,,,,3.0,0.0
816,816.0,SP3724,Kỹ năng giao tiếp,Communication Skills,,HTTT,ĐC,,,,,3.0,0.0
817,817.0,SPCH2713,Kỹ năng giao tiếp,Introduction to Speech Communication,,HTTT,ĐC,,,,,2.0,0.0
818,818.0,SPCH3723,Tiếng Anh chuyên ngành CNTT,English for computer science,,HTTT,ĐC,,,ENGL1213,,3.0,0.0
819,819.0,SPCH3724,Kỹ năng giao tiếp,Communication skills,,HTTT,ĐC,SP3724,SPCH2713,,,3.0,0.0
820,820.0,SS001,Những nguyên lý cơ bản của chủ nghĩa Mác Lênin,Fundamental principles of Marxism-Leninism,,PĐTĐH,ĐC,PHIL1,,,,5.0,0.0
821,821.0,SS002,Đường lối cách mạng của Đảng CS Việt Nam,The revolutionary way of the communist party of Vietnam,,PĐTĐH,ĐC,VCPL1,SS010,,,3.0,0.0
822,822.0,SS003,Tư tưởng Hồ Chí Minh,Ho Chi Minh thought,,P.ĐTĐH,ĐC,HCMT1,,,,2.0,0.0
823,823.0,SS004,Kỹ năng nghề nghiệp,Professional skills,,PĐTĐH,ĐC,,,,,2.0,0.0
824,824.0,SS005,Phương pháp luận sáng tạo KH-CN,Scientific methodology and innovation,,PĐTĐH,ĐC,SE336,"SMET1
SMET2
CS519",,,2.0,0.0
825,825.0,SS006,Pháp luật đại cương,Introduction to law,,P.ĐTĐH,ĐC,,,,,2.0,0.0
826,826.0,SS007,Triết học Mác – Lênin,Marxist-Leninist philosophy,,PĐTĐH,ĐC,,,,,3.0,0.0
827,827.0,SS008,Kinh tế chính trị Mác – Lênin,Marxist Leninist political economy,,PĐTĐH,ĐC,,,,SS007,2.0,0.0
828,828.0,SS009,Chủ nghĩa xã hội khoa học,Scientific socialism,,PĐTĐH,ĐC,,,,SS007,2.0,0.0
829,829.0,SS010,Lịch sử Đảng Cộng sản Việt Nam,History of Vietnamese communist party,,PĐTĐH,ĐC,,,,,2.0,0.0
830,830.0,SSKL1,Kỹ năng mềm,Soft skills,,P.ĐTĐH,ĐC,,,,,2.0,0.0
831,831.0,STA01,Xác suất thống kê,Statistics,,BMAV,ĐC,,MA005,,,3.0,0.0
832,832.0,STAT11,Xác xuất thống kê,Statistics,,HTTT,ĐC,,,,,3.0,0.0
833,833.0,STAT3013,Phân tích thống kê,Intermediate Statistical Analysis,,HTTT,CS,,,,STAT4033,3.0,0.0
834,834.0,STAT4033,Thống kê,Statistics,,HTTT,ĐC,,,,"MATH2153
MATH2144
MATH3013",3.0,0.0
835,835.0,TLH025,Tâm lý học nhân cách,Personality psychology,,PĐTĐH,CN,,,,,3.0,0.0
836,836.0,TOEIC 450,TOEIC 450,TOEIC 450,,TTNN,ĐC,,,,,0.0,0.0
837,837.0,TOEIC450,TOEIC 450,TOEIC 450,,TTNN,ĐC,,,,,0.0,0.0
838,838.0,VCPH1,Lịch sử Đảng CSVN,History of the Communist Party of Vietnam,,P.ĐTĐH,ĐC,,,,,3.0,0.0
839,839.0,VCPL1,Đường lối cách mạng của Đảng CSVN,Revolution Directions of Vietnam Communist Party,,TTNN,ĐC,,SS002,,,3.0,0.0
840,840.0,WINP1,Lập trình trên Windows,Windows Programming,,CNPM,ĐC,,IT008,,,3.0,1.0
